donor,sample_id,mni_x,mni_y,mni_z
09861,0,5.9,-27.7,49.7
09861,1,29.2,17.0,-2.9
09861,2,28.2,-22.8,16.8
09861,3,-24.6,-24.6,1.3
09861,4,31.1,-31.3,-7.3
09861,5,31.1,-32.3,-7.1
09861,6,-9.7,-57.4,-32.6
09861,7,1.9,-58.4,-28.7
09861,8,8.5,-50.3,-27.8
09861,9,-22.6,-27.4,-13.8
09861,10,-33.2,-27.4,-12.9
09861,11,-33.1,-23.9,-8.0
09861,12,9.0,-29.6,13.2
09861,13,18.5,-28.6,12.1
09861,14,9.0,-30.5,10.0
09861,15,-9.8,-21.3,16.8
09861,16,-7.8,-27.8,4.6
09861,17,-20.5,-26.7,9.7
09861,18,-12.0,-25.4,9.6
09861,19,-14.2,-28.5,2.3
09861,20,-29.0,12.0,-1.1
09861,21,2.0,-13.3,8.8
09861,22,6.3,-11.9,9.8
09861,23,11.6,-11.5,10.9
09861,24,2.0,-13.9,6.7
09861,25,22.0,-15.9,1.9
09861,26,20.9,-18.3,-3.2
09861,27,-0.3,-20.5,-10.1
09861,28,-12.9,-18.3,11.6
09861,29,7.2,-19.9,16.9
09861,30,2.8,-23.3,8.5
09861,31,11.3,-23.4,7.6
09861,32,-18.1,-17.1,12.4
09861,33,-7.7,-21.5,3.4
09861,34,17.7,-21.0,11.8
09861,35,11.3,-23.2,-0.3
09861,36,-15.1,-22.5,0.0
09861,37,-0.3,-24.1,-2.7
09861,38,-8.8,-24.8,-5.0
09861,39,7.0,-25.5,-4.5
09861,40,-17.2,-23.7,-4.3
09861,41,-19.3,-23.8,-4.3
09861,42,-54.9,-11.5,-22.0
09861,43,-22.1,-7.6,-9.6
09861,44,-24.2,-9.4,-16.1
09861,45,-25.3,-8.0,-10.8
09861,46,-30.6,-10.1,-18.4
09861,47,-29.5,-10.1,-18.3
09861,48,-24.3,-10.8,-4.6
09861,49,-26.4,-11.7,-7.9
09861,50,-35.0,24.0,3.2
09861,51,15.3,-32.5,64.3
09861,52,-47.5,-53.3,-18.5
09861,53,-42.9,-35.7,-22.8
09861,54,-35.5,-36.6,-27.0
09861,55,-32.2,-31.6,-16.6
09861,56,32.1,-34.6,-15.6
09861,57,36.2,-39.1,-24.8
09861,58,-41.4,-21.7,9.3
09861,59,-30.9,-21.7,8.5
09861,60,42.9,-23.9,11.8
09861,61,30.2,-25.0,8.3
09861,62,-62.7,-28.6,1.2
09861,63,-57.5,-31.8,-7.1
09861,64,-59.7,-35.5,-21.0
09861,65,-51.3,-37.3,-28.3
09861,66,-52.4,-35.3,-20.9
09861,67,69.3,-24.9,5.9
09861,68,60.7,-28.6,0.7
09861,69,52.2,-31.5,-1.2
09861,70,53.2,-35.0,-10.6
09861,71,47.8,-38.0,-21.4
09861,72,61.6,-37.7,-21.1
09861,73,53.2,-35.9,-13.8
09861,74,43.6,-38.1,-21.4
09861,75,68.3,-20.7,21.9
09861,76,58.8,-22.9,14.2
09861,77,-31.4,-0.6,47.1
09861,78,-44.1,-1.0,54.8
09861,79,-56.8,-4.4,42.8
09861,80,-32.4,3.0,56.5
09861,81,-1.6,7.7,59.8
09861,82,-18.5,6.7,57.3
09861,83,-22.8,6.6,57.2
09861,84,9.5,-9.8,51.0
09861,85,37.1,-5.4,53.0
09861,86,44.5,-4.4,56.4
09861,87,50.8,-5.7,51.2
09861,88,47.5,-9.5,45.1
09861,89,24.4,-5.8,48.3
09861,90,27.6,-6.5,49.7
09861,91,35.0,-4.6,56.2
09861,92,48.5,-11.4,42.1
09861,93,-53.8,-10.0,33.8
09861,94,-58.0,-10.8,35.0
09861,95,0.4,44.6,32.7
09861,96,28.6,-5.6,52.9
09861,97,-24.9,7.4,60.4
09861,98,45.7,-37.5,-19.3
09861,99,49.1,-31.6,-1.2
09861,100,-53.5,-37.3,-28.4
09861,101,-60.7,-31.6,-6.1
09861,102,-25.1,-3.2,7.4
09861,103,57.2,-2.8,23.9
09861,104,21.0,-14.6,2.8
09861,105,-42.5,-21.4,-18.8
09861,106,-34.1,-23.7,-28.2
09861,107,-20.4,-22.0,-22.6
09861,108,-25.6,-22.4,-23.8
09861,109,-7.1,1.4,36.1
09861,110,-3.0,-4.9,28.4
09861,111,6.3,-13.9,31.5
09861,112,1.1,-10.4,28.4
09861,113,-7.4,-11.4,25.1
09861,114,14.8,-9.1,36.4
09861,115,-64.4,-10.2,4.4
09861,116,-38.0,-11.8,0.8
09861,117,47.3,-16.5,-6.3
09861,118,48.3,-18.3,-9.3
09861,119,57.8,-20.8,-15.4
09861,120,43.9,-26.6,-23.6
09861,121,49.2,-27.6,-27.8
09861,122,57.7,-22.7,-18.4
09861,123,-50.8,-16.6,-4.2
09861,124,-52.0,-21.0,-12.3
09861,125,-52.0,-22.1,-16.6
09861,126,-43.3,-13.6,-5.7
09861,127,30.8,-2.2,7.4
09861,128,-32.5,-2.9,4.9
09861,129,-53.2,-27.3,34.8
09861,130,-19.1,-13.9,3.9
09861,131,29.1,-26.6,-22.8
09861,132,31.5,-17.1,9.1
09861,133,-49.1,7.4,32.9
09861,134,55.6,-22.5,-17.3
09861,135,54.6,-20.6,-14.4
09861,136,-52.0,-23.2,-20.9
09861,137,13.8,-7.6,21.5
09861,138,-27.5,-12.5,5.7
09861,139,43.8,8.8,43.8
09861,140,21.7,13.6,51.4
09861,141,50.7,-10.4,3.8
09861,142,-64.0,-38.7,25.5
09861,143,7.8,45.2,30.5
09861,144,33.9,-6.9,1.7
09861,145,-33.9,-16.1,5.1
09861,146,-32.9,-18.7,15.7
09861,147,-33.7,-7.2,1.2
09861,148,40.6,9.2,41.4
09861,149,-6.6,17.9,48.8
09861,150,7.0,14.2,46.4
09861,151,-8.9,13.3,27.1
09861,152,-0.5,11.6,24.3
09861,153,7.9,10.8,29.1
09861,154,2.7,10.6,24.5
09861,155,-18.2,20.4,54.8
09861,156,-25.6,18.9,53.7
09861,157,-48.2,2.7,31.5
09861,158,-58.8,1.2,34.9
09861,159,-44.9,7.0,30.8
09861,160,56.3,1.7,28.6
09861,161,62.5,-0.3,29.1
09861,162,56.1,-5.0,19.8
09861,163,64.6,-3.8,19.7
09861,164,66.6,-5.9,15.7
09861,165,14.9,-7.5,21.5
09861,166,22.1,-12.3,11.3
09861,167,21.1,-12.4,6.9
09861,168,-63.2,-6.1,11.5
09861,169,-67.6,-14.6,0.7
09861,170,-50.7,-10.7,5.9
09861,171,-55.3,-25.9,-30.6
09861,172,58.1,-9.7,6.1
09861,173,44.3,-9.7,6.9
09861,174,-17.8,-4.9,21.4
09861,175,-26.4,-12.5,5.7
09861,176,20.7,-25.7,-18.7
09861,177,-22.2,-12.1,6.9
09861,178,40.0,-15.0,-4.5
09861,179,38.6,-27.0,-24.8
09861,180,-55.2,-23.6,-22.0
09861,181,38.0,-11.6,0.4
09861,182,-13.7,29.3,50.9
09861,183,13.0,42.4,27.8
09861,184,-1.2,-16.7,29.6
09861,185,-58.9,-43.3,-5.0
09861,186,-45.2,-43.2,-13.6
09861,187,-55.7,-44.1,-8.1
09861,188,-32.4,-37.9,-15.4
09861,189,46.5,-50.0,-16.9
09861,190,59.1,-50.3,-18.8
09861,191,40.2,-48.8,-16.2
09861,192,27.6,-45.7,-15.9
09861,193,17.2,-38.8,-9.6
09861,194,29.8,-42.2,-10.9
09861,195,-57.6,-34.7,19.3
09861,196,-55.6,-36.9,10.7
09861,197,-34.4,-35.5,18.8
09861,198,-45.0,-36.6,15.4
09861,199,63.6,-42.2,-1.1
09861,200,58.2,-44.8,-6.4
09861,201,56.1,-46.5,-8.4
09861,202,-40.1,-11.0,62.3
09861,203,-36.0,-16.0,43.2
09861,204,-38.2,-17.6,41.2
09861,205,-48.9,-24.8,35.6
09861,206,12.7,-11.7,72.7
09861,207,5.2,-13.9,72.9
09861,208,-12.7,-13.1,39.8
09861,209,6.0,-22.7,39.8
09861,210,30.4,-20.3,51.2
09861,211,37.9,-16.2,66.3
09861,212,51.5,-19.2,58.2
09861,213,55.7,-19.9,55.1
09861,214,62.0,-22.8,47.9
09861,215,61.7,-33.2,20.7
09861,216,-35.2,-27.4,62.2
09861,217,-36.7,-84.3,25.7
09861,218,-35.1,-62.6,45.2
09861,219,11.2,14.9,2.6
09861,220,-3.0,-3.7,70.8
09861,221,-5.3,-12.7,36.6
09861,222,46.5,-5.8,-40.9
09861,223,-55.6,-38.1,6.5
09861,224,-60.8,-34.5,20.3
09861,225,44.4,-48.9,-12.7
09861,226,13.5,-20.7,38.5
09861,227,-44.1,-44.8,9.1
09861,228,-46.3,-45.7,5.9
09861,229,-57.9,-47.1,1.4
09861,230,-54.9,-51.2,-10.1
09861,231,-62.0,-41.4,19.3
09861,232,-66.2,-41.8,18.1
09861,233,-55.8,-47.4,0.4
09861,234,21.6,51.3,-14.0
09861,235,36.5,53.1,-8.4
09861,236,-35.5,43.8,-9.5
09861,237,-32.4,44.4,-7.3
09861,238,8.7,40.1,-22.3
09861,239,-3.8,46.8,-12.7
09861,240,1.7,57.3,22.5
09861,241,5.9,53.7,8.7
09861,242,33.4,56.2,7.8
09861,243,-36.8,-86.0,-9.9
09861,244,-19.9,-85.7,-18.5
09861,245,19.1,-87.1,-14.0
09861,246,12.9,-83.8,-13.6
09861,247,11.1,-70.8,15.3
09861,248,12.1,-73.0,6.8
09861,249,-43.9,-76.3,27.4
09861,250,-42.9,-79.1,16.7
09861,251,36.6,-65.7,45.2
09861,252,7.0,-67.6,23.6
09861,253,29.1,-68.2,32.1
09861,254,37.3,-78.2,18.4
09861,255,43.6,-79.5,13.2
09861,256,-34.0,-62.6,45.2
09861,257,-38.3,-62.5,58.6
09861,258,6.4,-50.4,76.4
09861,259,5.2,-56.3,53.9
09861,260,8.2,-63.0,11.5
09861,261,39.6,-73.2,4.1
09861,262,33.2,-74.0,-2.6
09861,263,11.2,-66.6,56.0
09861,264,3.8,-67.5,44.8
09861,265,-2.5,-68.9,19.1
09861,266,-8.0,-74.2,7.6
09861,267,-5.6,-64.4,23.8
09861,268,0.5,52.3,-21.4
09861,269,-11.0,54.2,-17.6
09861,270,-7.0,44.8,-20.2
09861,271,-2.3,64.8,9.8
09861,272,-5.3,-51.6,64.0
09861,273,1.7,-67.2,38.0
09861,274,-5.7,-70.4,30.5
09861,275,-6.0,-79.0,18.7
09861,276,7.3,-98.0,8.0
09861,277,-20.4,-66.4,63.1
09861,278,-18.4,-70.3,52.6
09861,279,-17.3,-70.2,52.7
09861,280,-35.4,-76.5,51.1
09861,281,-34.1,59.2,-1.1
09861,282,-25.9,48.1,31.4
09861,283,29.2,56.5,0.9
09861,284,-1.2,64.9,9.8
09861,285,-7.4,-94.1,-17.8
09861,286,9.9,44.8,-8.6
09861,287,-6.4,-94.1,-17.8
09861,288,-12.4,-82.9,-16.6
09861,289,10.3,61.5,-16.2
09861,290,-35.7,-84.3,25.7
09861,291,32.3,-67.6,63.4
09861,292,3.7,51.0,-22.2
09861,293,11.0,49.1,-21.7
09861,294,9.3,63.1,2.5
09861,295,5.0,61.1,-5.0
09861,296,28.2,59.8,9.2
09861,297,30.2,56.5,0.9
09861,298,28.1,56.5,0.9
09861,299,44.9,54.6,-7.4
09861,300,55.7,-62.3,-9.9
09861,301,13.6,-57.6,-30.9
09861,302,-1.0,-50.5,-28.0
09861,303,8.3,-58.5,-29.7
09861,304,-4.3,-56.1,-28.2
09861,305,23.8,11.6,-6.5
09861,306,-24.7,-26.6,-10.6
09861,307,4.3,-9.2,16.0
09861,308,2.0,-14.2,5.6
09861,309,-8.3,-5.9,-4.0
09861,310,26.0,-24.5,-14.3
09861,311,34.5,-22.9,-13.3
09861,312,29.3,-20.1,-10.6
09861,313,30.3,-23.0,-13.4
09861,314,32.4,-21.6,-12.5
09861,315,33.5,-21.6,-12.4
09861,316,37.7,-23.3,-10.9
09861,317,3.0,-18.3,-5.9
09861,318,14.5,-20.1,-5.3
09861,319,6.2,-16.5,0.5
09861,320,11.5,-16.7,-0.4
09861,321,22.9,-21.8,-8.2
09861,322,-7.6,-17.7,13.9
09861,323,-2.4,-21.3,8.0
09861,324,6.0,-24.3,8.7
09861,325,15.5,-23.9,1.0
09861,326,-0.3,-22.1,4.8
09861,327,-0.3,-23.0,1.6
09861,328,-2.5,-23.8,-1.7
09861,329,-2.5,-26.0,-5.7
09861,330,0.7,-25.7,-4.6
09861,331,-7.6,-18.1,16.2
09861,332,-7.7,-23.5,8.3
09861,333,-17.2,-22.7,7.9
09861,334,-11.9,-22.0,10.1
09861,335,3.9,-23.7,15.3
09861,336,2.8,-26.5,4.6
09861,337,12.2,-27.5,8.4
09861,338,7.0,-27.1,10.4
09861,339,8.0,-27.5,0.4
09861,340,-20.3,-21.1,14.2
09861,341,15.5,-25.5,15.9
09861,342,-1.5,-26.4,1.1
09861,343,-1.5,-26.7,0.0
09861,344,-1.5,-27.5,-3.2
09861,345,1.7,-27.5,-3.1
09861,346,-0.5,-28.3,-6.4
09861,347,0.6,-28.3,-6.4
09861,348,-5.7,-27.6,-3.3
09861,349,-14.2,-27.3,-5.8
09861,350,-6.0,-38.6,-28.1
09861,351,-11.2,-36.7,-33.1
09861,352,-6.0,-38.3,-43.9
09861,353,1.2,-45.7,-55.8
09861,354,1.2,-44.9,-52.6
09861,355,-0.9,-44.9,-52.6
09861,356,-6.8,-26.7,-24.8
09861,357,7.8,-35.5,-38.5
09861,358,-3.6,-27.7,-24.5
09861,359,5.6,-37.0,-43.9
09861,360,-21.2,-12.3,-6.5
09861,361,0.3,-38.3,-48.2
09861,362,5.6,-38.7,-37.9
09861,363,4.6,-34.9,-44.3
09861,364,-8.2,-40.1,-38.0
09861,365,8.8,-37.2,-28.1
09861,366,-8.1,-38.6,-28.2
09861,367,2.5,-35.9,-22.8
09861,368,8.1,-23.1,-20.6
09861,369,-3.4,-20.3,-21.4
09861,370,7.7,-37.3,-32.5
09861,371,8.1,-22.5,-30.8
09861,372,-6.0,-36.6,-33.0
09861,373,5.6,-38.3,-27.9
09861,374,-2.7,-31.9,-23.7
09861,375,-3.5,-22.4,-21.0
09861,376,5.6,-37.0,-60.7
09861,377,4.1,-15.9,-22.1
09861,378,-8.8,-22.6,-25.6
09861,379,-6.7,-23.9,-30.9
09861,380,-9.1,-35.1,-23.3
09861,381,10.9,-36.1,-28.2
09861,382,-1.7,-35.3,-28.6
09861,383,33.3,-29.6,-5.3
09861,384,-3.8,-34.9,-18.7
09861,385,-5.7,-25.0,-35.2
09861,386,2.6,-32.7,-18.9
09861,387,15.2,-32.9,-33.2
09861,388,-3.9,-38.5,-28.1
09861,389,-3.8,-36.1,-23.0
09861,390,-28.6,-15.3,-17.3
09861,391,2.5,-35.2,-28.6
09861,392,-1.7,-34.4,-33.3
09861,393,8.7,-39.7,-37.7
09861,394,6.7,-37.7,-38.1
09861,395,-1.7,-34.9,-18.6
09861,396,4.7,-33.7,-18.7
09861,397,4.6,-34.8,-23.0
09861,398,-1.7,-36.0,-22.9
09861,399,1.9,-20.2,-21.3
09861,400,5.9,-27.5,-24.3
09861,401,0.4,-34.8,-18.6
09861,402,10.0,-31.6,-23.5
09861,403,2.5,-34.3,-33.2
09861,404,-6.6,-22.4,-21.1
09861,405,8.9,-35.2,-32.9
09861,406,-7.0,-38.0,-38.4
09861,407,2.8,-25.4,-24.8
09861,408,2.6,-31.7,-23.6
09861,409,2.9,-22.2,-20.9
09861,410,-8.0,-34.5,-33.4
09861,411,0.6,-27.5,-20.0
09861,412,-7.1,-39.7,-32.4
09861,413,11.1,-32.0,-33.5
09861,414,0.4,-34.9,-23.1
09861,415,8.1,-23.7,-35.1
09861,416,5.0,-20.1,-21.2
09861,417,-0.6,-32.8,-19.0
09861,418,0.4,-37.4,-28.2
09861,419,-6.9,-34.0,-18.9
09861,420,-1.5,-26.5,-20.2
09861,421,51.6,-13.0,-22.6
09861,422,-53.9,-12.3,-25.2
09861,423,15.1,1.5,14.2
09861,424,-24.1,-3.2,7.4
09861,425,10.2,18.7,-20.5
09861,426,8.7,-43.8,25.9
09861,427,40.8,-24.0,65.6
09861,428,37.5,-71.3,7.1
09861,429,-25.1,-0.5,-32.4
09861,430,-48.2,2.3,-20.0
09861,431,0.0,28.4,42.5
09861,432,4.2,29.3,53.6
09861,433,-12.7,29.4,51.0
09861,434,65.7,-1.7,2.6
09861,435,57.1,-4.9,-4.9
09861,436,60.2,-7.0,-8.9
09861,437,55.9,-12.0,-19.3
09861,438,55.9,-12.9,-22.5
09861,439,-48.5,-8.3,-10.2
09861,440,-55.9,-9.3,-13.5
09861,441,-51.7,-11.2,-20.9
09861,442,-44.4,-14.9,-35.7
09861,443,-50.7,-12.0,-24.1
09861,444,-41.2,-12.6,-27.1
09861,445,-38.1,-14.2,-33.5
09861,446,-33.9,-15.0,-36.6
09861,447,-29.6,-12.9,-29.0
09861,448,-12.7,-13.5,-28.5
09861,449,-26.4,-12.5,-27.9
09861,450,-36.2,17.2,35.8
09861,451,35.2,4.7,16.3
09861,452,25.5,-3.1,8.6
09861,453,16.1,1.6,14.2
09861,454,-37.7,0.6,14.3
09861,455,-33.5,-0.7,13.5
09861,456,-26.2,-3.2,7.4
09861,457,16.9,29.9,54.9
09861,458,62.7,6.6,17.8
09861,459,52.0,-0.7,3.2
09861,460,45.5,-7.1,-8.1
09861,461,62.5,-1.8,2.5
09861,462,42.5,-0.1,6.2
09861,463,42.1,-14.5,-23.6
09861,464,40.0,-15.7,-28.0
09861,465,34.6,-17.2,-33.4
09861,466,30.5,-15.9,-28.1
09861,467,19.9,-15.6,-26.2
09861,468,26.2,-15.7,-27.2
09861,469,-11.6,28.5,47.8
09861,470,55.8,23.8,-0.2
09861,471,-56.1,-58.0,10.2
09861,472,-42.4,-60.7,-1.3
09861,473,-12.3,-39.2,-9.1
09861,474,-28.1,-37.0,-12.1
09861,475,28.7,-43.8,-12.9
09861,476,-57.7,-37.8,7.5
09861,477,-25.2,-4.8,68.3
09861,478,39.4,-38.1,58.1
09861,479,24.9,53.4,27.2
09861,480,-24.0,-0.5,-32.3
09861,481,4.4,-86.4,-26.8
09861,482,-3.7,-70.7,-21.0
09861,483,8.0,-68.7,-43.5
09861,484,-11.1,10.2,7.5
09861,485,59.6,-34.1,17.5
09861,486,-57.9,-44.4,-9.2
09861,487,62.2,-13.6,-25.6
09861,488,-16.6,1.1,14.7
09861,489,28.2,19.1,38.2
09861,490,17.9,29.9,55.0
09861,491,-18.1,-15.4,23.3
09861,492,-24.5,-19.3,4.8
09861,493,12.7,-7.6,4.6
09861,494,-24.8,-30.8,7.0
09861,495,-22.6,-29.1,-3.4
09861,496,51.7,-12.1,-19.4
09861,497,24.0,-20.8,4.0
09861,498,-19.1,-13.6,-11.8
09861,499,-66.3,-42.9,13.9
09861,500,-16.7,-2.7,37.8
09861,501,-6.3,-11.4,25.1
09861,502,20.6,10.1,0.4
09861,503,-45.6,-62.6,33.7
09861,504,-35.0,-17.9,18.9
09861,505,-29.8,-61.7,-9.8
09861,506,-1.2,-55.8,-31.5
09861,507,60.6,7.0,-5.9
09861,508,29.2,56.8,2.0
09861,509,-24.8,-30.1,-15.6
09861,510,-34.3,-29.2,-11.5
09861,511,-33.2,-28.4,-8.3
09861,512,-32.1,-28.3,-8.3
09861,513,-31.1,-28.6,-9.3
09861,514,-31.1,-28.9,-10.4
09861,515,-36.3,-28.4,-8.3
09861,516,-18.6,-36.4,-6.4
09861,517,-31.3,-35.9,-7.9
09861,518,-32.3,-34.1,-4.9
09861,519,-30.2,-35.1,-4.7
09861,520,-29.1,-35.6,-6.8
09861,521,-28.1,-35.6,-6.8
09861,522,-11.0,-27.4,14.5
09861,523,-10.0,-30.4,7.2
09861,524,-22.7,-31.3,4.9
09861,525,-23.8,-33.3,-2.6
09861,526,-12.1,-30.2,8.3
09861,527,-9.1,-34.5,-4.3
09861,528,-24.6,-21.5,-20.6
09861,529,-31.9,-20.3,-15.4
09861,530,-27.7,-19.1,-11.0
09861,531,-28.7,-20.0,-14.2
09861,532,-30.8,-19.7,-13.2
09861,533,-29.8,-19.7,-13.2
09861,534,-24.4,-16.3,-4.7
09861,535,-25.5,-17.6,-5.6
09861,536,-23.4,-17.6,-5.6
09861,537,-4.4,-15.7,0.1
09861,538,-3.0,-4.4,1.4
09861,539,2.3,-4.3,1.5
09861,540,12.8,-5.4,-3.6
09861,541,-3.1,-6.9,-8.2
09861,542,3.3,-6.8,-8.1
09861,543,-9.4,-7.3,-9.4
09861,544,7.5,-6.7,-8.0
09861,545,-18.5,-30.4,-8.7
09861,546,-33.2,-31.0,-10.0
09861,547,-32.2,-30.7,-8.9
09861,548,-31.1,-30.7,-8.9
09861,549,-30.0,-29.3,-8.0
09861,550,-20.5,-28.2,-0.2
09861,551,-27.9,-28.4,-0.3
09861,552,-7.9,-30.6,-6.1
09861,553,-12.1,-30.2,-4.1
09861,554,26.9,-32.7,-8.3
09861,555,32.1,-33.6,-8.0
09861,556,32.1,-34.1,-5.6
09861,557,31.1,-33.1,-5.9
09861,558,30.0,-33.4,-6.9
09861,559,31.1,-33.4,-6.9
09861,560,31.1,-32.3,-2.6
09861,561,2.7,-30.7,5.4
09861,562,20.6,-31.7,0.4
09861,563,20.6,-30.0,6.8
09861,564,6.8,-31.5,-2.2
09861,565,7.9,-30.8,4.4
09861,566,5.8,-31.2,3.3
09861,567,-2.6,-29.8,0.6
09861,568,-1.6,-30.1,-0.5
09861,569,-3.7,-31.6,-5.8
09861,570,-3.7,-31.8,-6.9
09861,571,3.7,-31.9,-3.4
09861,572,21.7,-30.0,6.8
09861,573,-21.3,-16.0,-20.4
09861,574,-24.4,-13.8,-11.9
09861,575,-23.3,-13.2,-9.8
09861,576,-27.5,-14.1,-13.0
09861,577,-26.5,-14.1,-13.0
09861,578,-1.3,-60.2,-27.3
09861,579,-1.0,-51.0,-25.7
09861,580,-30.0,-26.5,-9.7
09861,581,-27.8,-26.4,-9.6
09861,582,-26.8,-26.7,-10.7
09861,583,27.1,-64.2,-6.9
09861,584,-54.9,-52.6,-15.5
09861,585,21.0,-53.9,-8.9
09861,586,-46.5,-53.3,-18.5
09861,587,54.9,-51.5,-10.8
09861,588,42.1,-55.3,-16.0
09861,589,67.0,-32.0,41.9
09861,590,65.8,-36.5,24.8
09861,591,65.7,-41.8,8.9
09861,592,66.6,-46.8,2.1
09861,593,47.7,-42.9,9.8
09861,594,-57.3,-23.4,54.1
09861,595,-52.1,-26.5,50.4
09861,596,-54.3,-31.1,45.6
09861,597,-63.0,-38.7,25.5
09861,598,-21.2,-13.9,66.7
09861,599,-36.1,-18.7,66.1
09861,600,-37.2,-22.1,53.3
09861,601,-41.5,-23.0,54.5
09861,602,-45.6,-20.8,62.9
09861,603,9.4,-15.1,76.6
09861,604,23.0,-18.0,73.0
09861,605,32.5,-21.3,68.2
09861,606,32.3,-27.3,53.7
09861,607,36.5,-27.2,53.7
09861,608,41.9,-24.0,65.6
09861,609,49.2,-24.9,61.5
09861,610,40.7,-29.6,48.7
09861,611,53.4,-28.4,52.1
09861,612,37.5,53.1,-8.4
09861,613,9.7,40.1,-22.3
09861,614,13.2,-73.0,6.8
09861,615,-10.0,10.1,-18.3
09861,616,-49.4,-0.8,-31.8
09861,617,-46.2,-1.8,-36.0
09861,618,-32.5,-1.8,-36.8
09861,619,-26.2,-2.8,-40.9
09861,620,-27.2,-1.1,-34.5
09861,621,-54.1,20.0,22.6
09861,622,-53.0,20.0,22.6
09861,623,0.0,31.1,27.4
09861,624,-14.6,35.7,54.2
09861,625,-6.4,27.6,18.9
09861,626,1.6,11.4,-5.9
09861,627,4.6,5.4,-20.4
09861,628,18.6,13.7,-2.6
09861,629,-60.8,6.5,-3.1
09861,630,-51.4,1.7,-22.2
09861,631,-53.4,6.4,-4.0
09861,632,-54.2,16.7,14.2
09861,633,-3.2,-11.6,65.6
09861,634,-5.4,-17.3,48.6
09861,635,-3.0,-46.4,0.3
09861,636,60.8,15.9,11.5
09861,637,44.9,13.0,1.6
09861,638,47.0,10.3,-4.6
09861,639,37.6,13.9,1.2
09861,640,9.5,31.1,18.6
09861,641,56.3,3.3,-15.4
09861,642,48.8,-1.5,-24.8
09861,643,36.0,-5.2,-37.9
09861,644,47.6,-5.8,-40.9
09861,645,32.9,-4.7,-35.8
09861,646,27.6,-5.7,-39.1
09861,647,27.6,-4.3,-33.8
09861,648,25.5,-2.4,-30.8
09861,649,-33.1,14.0,10.7
09861,650,-14.1,16.8,11.8
09861,651,-21.5,13.5,-0.1
09861,652,-20.5,13.6,-0.1
09861,653,51.9,-1.4,-24.7
09861,654,-52.4,2.5,-19.0
09861,655,19.6,13.7,-2.5
09861,656,-65.1,-38.8,25.4
09861,657,61.6,-37.9,23.8
09861,658,52.8,-51.0,-8.7
09861,659,12.3,14.9,2.7
09861,660,-13.0,16.8,11.8
09861,661,28.5,31.5,43.7
09861,662,3.3,34.0,25.8
09861,663,25.3,30.6,40.4
09861,664,3.3,34.9,29.0
09861,665,0.4,-34.4,-54.6
09861,666,2.6,-32.3,-54.9
09861,667,-1.9,-41.8,-53.2
09861,668,5.6,-39.5,-53.5
09861,669,0.2,-41.8,-53.2
09861,670,-6.1,-41.9,-53.3
09861,671,-4.1,-47.1,-52.3
09861,672,3.2,-48.0,-52.0
09861,673,-2.0,-46.0,-52.5
09861,674,1.2,-45.9,-52.4
09861,675,-5.1,-44.6,-42.7
09861,676,1.2,-44.4,-42.6
09861,677,0.4,-37.1,-44.0
09861,678,-7.0,-37.3,-44.1
09861,679,4.6,-37.0,-43.9
09861,680,-3.6,-25.7,-46.2
09861,681,4.9,-25.5,-46.0
09861,682,-7.1,-40.4,-43.5
09861,683,13.0,-38.9,-43.3
09861,684,-2.8,-35.1,-44.4
09861,685,3.8,-27.7,-50.1
09861,686,-1.6,-31.0,-49.7
09861,687,2.6,-30.9,-49.6
09861,688,-10.3,-40.6,-48.1
09861,689,-1.8,-38.3,-48.3
09861,690,3.5,-39.2,-48.0
09861,691,-5.1,-44.7,-47.2
09861,692,4.4,-44.4,-47.0
09861,693,2.5,-35.7,-38.6
09861,694,-8.0,-35.9,-38.8
09861,695,7.0,-26.1,-40.3
09861,696,8.8,-37.6,-38.1
09861,697,-3.9,-40.0,-37.9
09861,698,2.4,-39.9,-37.8
09861,699,0.5,-30.8,-45.1
09861,700,-3.7,-28.9,-50.1
09861,701,15.5,19.3,-18.3
09861,702,-46.4,30.7,20.7
09861,703,-55.2,18.3,-0.7
09861,704,-47.8,17.8,-7.2
09861,705,-45.6,22.4,-2.4
09861,706,-33.9,24.1,3.2
09861,707,-26.1,41.3,47.3
09861,708,-31.5,36.7,30.1
09861,709,20.3,40.1,35.2
09861,710,28.7,39.3,40.0
09861,711,52.9,34.1,27.0
09861,712,21.8,16.8,-19.9
09861,713,24.9,12.6,-28.0
09861,714,41.8,15.6,-13.6
09861,715,51.1,7.0,-34.2
09861,716,-46.9,14.3,-12.1
09861,717,-41.8,7.7,-37.7
09861,718,-25.9,9.2,-33.1
09861,719,10.9,43.3,23.1
09861,720,0.0,31.6,12.7
09861,721,8.6,35.7,11.0
09861,722,32.6,26.2,6.6
09861,723,-48.1,-35.5,53.3
09861,724,-35.5,-38.0,42.8
09861,725,-46.1,-40.9,40.9
09861,726,-55.0,-58.0,10.2
09861,727,-50.9,-61.8,-4.7
09861,728,-59.2,-54.4,24.0
09861,729,-40.4,-62.7,-8.8
09861,730,5.2,-55.4,-1.2
09861,731,29.4,-56.7,0.8
09861,732,19.7,-66.1,-13.4
09861,733,36.5,-67.0,-14.0
09861,734,31.3,-67.4,-15.1
09861,735,49.6,-52.2,20.6
09861,736,-17.4,-32.1,38.8
09861,737,5.4,-48.1,14.3
09861,738,9.5,-51.5,9.4
09861,739,9.7,-43.8,25.9
09861,740,-19.2,-18.7,73.3
09861,741,-27.8,-26.6,56.6
09861,742,-21.4,-22.7,58.2
09861,743,-39.4,-26.1,67.4
09861,744,8.0,-28.8,74.7
09861,745,12.1,-31.5,68.5
09861,746,1.7,-26.8,66.3
09861,747,0.5,-31.2,53.6
09861,748,25.8,-32.4,72.4
09861,749,39.3,-41.2,46.3
09861,750,51.9,-44.1,42.7
09861,751,44.6,-41.3,45.4
09861,752,-4.2,-50.2,40.2
09861,753,-10.0,54.2,-17.6
09861,754,-1.3,-21.7,73.1
09861,755,-2.8,42.7,50.9
09861,756,-2.7,-35.6,33.1
09861,757,-24.5,-59.1,-4.6
09861,758,-41.5,-64.1,-14.1
09861,759,-6.6,-62.9,8.9
09861,760,-5.6,-62.9,8.9
09861,761,44.2,-56.1,43.6
09861,762,-24.9,48.2,31.4
09861,763,11.3,18.7,-20.5
09861,764,52.2,7.1,-34.2
09861,765,-24.8,9.2,-33.0
09861,766,21.3,38.2,32.2
09861,767,53.6,23.1,-2.4
09861,768,-52.0,17.8,-2.8
09861,769,41.4,-42.7,44.4
09861,770,30.2,-67.7,-16.2
09861,771,-54.1,-62.4,-6.9
09861,772,49.4,23.8,25.4
09861,773,30.0,-35.4,-2.1
09861,774,6.6,-40.1,-43.3
09861,775,-6.1,-40.5,-48.0
09861,776,7.8,-34.5,-38.7
09861,777,8.7,-40.8,-37.5
09861,778,-11.3,-39.1,-38.3
09861,779,6.1,-21.2,-25.5
09861,780,5.2,-56.2,-29.1
09861,781,5.1,-59.3,-28.5
09861,782,31.2,10.9,2.7
09861,783,29.8,1.3,-16.8
09861,784,-29.3,0.1,-21.4
09861,785,20.5,-32.9,-8.4
09861,786,31.1,-32.1,-6.0
09861,787,30.0,-32.7,-8.2
09861,788,29.0,-32.7,-8.2
09861,789,34.4,-28.6,-5.5
09861,790,26.8,-35.8,-3.2
09861,791,12.1,-33.6,6.1
09861,792,31.0,-36.5,-6.3
09861,793,26.8,-33.7,-15.9
09861,794,29.5,-13.5,6.1
09861,795,17.5,-26.4,3.8
09861,796,23.8,-30.7,-8.7
09861,797,33.2,-32.1,-10.5
09861,798,30.1,-31.0,-6.3
09861,799,34.3,-29.3,-4.2
09861,800,20.7,-27.6,-4.9
09861,801,-30.1,8.8,-5.1
09861,802,-31.7,-12.3,6.7
09861,803,20.4,-36.5,-5.5
09861,804,32.0,-36.5,-6.3
09861,805,27.9,-35.5,-2.1
09861,806,27.8,-35.8,-3.2
09861,807,3.2,-50.1,-68.4
09861,808,0.1,-45.6,-63.7
09861,809,-2.1,-48.8,-63.1
09861,810,1.1,-47.7,-63.3
09861,811,-4.0,-43.6,-64.2
09861,812,3.4,-43.5,-64.0
09861,813,-4.2,-48.9,-63.2
09861,814,3.2,-48.7,-63.0
09861,815,1.5,-34.2,-57.9
09861,816,-5.2,-46.9,-55.7
09861,817,5.4,-47.7,-55.3
09861,818,-0.9,-46.8,-55.6
09861,819,1.2,-46.8,-55.6
09861,820,-5.0,-39.6,-57.1
09861,821,5.6,-38.3,-57.1
09861,822,-3.0,-43.7,-56.3
09861,823,4.4,-43.6,-56.1
09861,824,6.6,-41.4,-56.5
09861,825,-6.2,-44.8,-56.1
09861,826,6.5,-44.5,-55.9
09861,827,1.1,-48.9,-55.2
09861,828,0.1,-46.8,-55.6
09861,829,-2.8,-37.2,-60.8
09861,830,0.1,-45.5,-59.2
09861,831,3.3,-46.5,-59.0
09861,832,-0.9,-46.6,-59.0
09861,833,0.1,-46.6,-59.0
09861,834,-1.0,-49.8,-58.5
09861,835,1.1,-49.7,-58.4
09861,836,-0.9,-44.5,-59.4
09861,837,0.2,-44.5,-59.4
09861,838,-1.8,-40.4,-60.2
09861,839,2.4,-40.3,-60.2
09861,840,-2.9,-42.5,-59.9
09861,841,3.4,-43.4,-59.6
09861,842,-5.0,-41.5,-60.1
09861,843,5.6,-40.2,-60.1
09861,844,-5.1,-45.7,-59.3
09861,845,5.4,-44.4,-59.3
09861,846,0.1,-47.0,-69.0
09861,847,0.0,-52.3,-68.1
09861,848,-6.3,-49.3,-68.8
09861,849,2.2,-49.1,-68.6
09861,850,-4.2,-50.3,-68.5
09861,851,9.5,31.2,-22.9
09861,852,13.7,31.6,-21.7
09861,853,6.4,32.3,-14.2
09861,854,51.8,32.7,-7.6
09861,855,37.0,31.2,-12.1
09861,856,41.1,27.9,-29.4
09861,857,-21.9,42.0,37.2
09861,858,8.8,45.3,30.6
09861,859,22.7,52.5,23.9
09861,860,7.0,-65.3,3.0
09861,861,-3.1,-50.2,40.3
09861,862,10.6,-51.7,42.0
09861,863,-1.5,-68.9,19.1
09861,864,-8.5,30.0,-22.0
09861,865,-7.2,38.2,-7.8
09861,866,0.4,44.8,33.8
09861,867,-6.7,-67.3,-3.7
09861,868,45.3,-56.1,43.6
09861,869,55.7,-61.0,32.5
09861,870,6.7,45.2,30.5
09861,871,-6.0,-40.2,57.4
09861,872,8.6,-46.4,74.6
09861,873,9.7,-46.4,74.6
09861,874,29.2,59.8,9.3
09861,875,-41.9,40.9,17.8
09861,876,-42.1,35.9,-1.4
09861,877,-31.6,33.6,-10.9
09861,878,7.9,-70.9,-18.4
09861,879,-20.6,9.9,-1.7
09861,880,-6.9,7.7,-6.5
09861,881,2.8,-26.7,66.3
09861,882,-44.6,-20.8,62.9
09861,883,-43.6,-64.7,-28.6
09861,884,-43.8,-71.3,-33.0
09861,885,-43.6,-65.8,-45.3
09861,886,-43.5,-59.0,-48.8
09861,887,-43.4,-54.5,-48.5
09861,888,-14.0,18.5,1.4
09861,889,-22.5,16.6,-5.2
09861,890,14.5,19.7,4.1
09861,891,19.8,19.2,-2.4
09861,892,5.4,-44.8,-23.3
09861,893,5.3,-49.5,-20.2
09861,894,5.5,-43.5,-26.9
09861,895,5.5,-41.5,-15.0
09861,896,5.4,-45.6,-9.7
09861,897,5.0,-62.8,-16.6
09861,898,4.6,-76.8,-24.1
09861,899,4.6,-78.9,-23.7
09861,900,5.8,-70.7,-34.2
09861,901,6.2,-57.7,-55.7
09861,902,4.9,-65.4,-47.5
09861,903,-3.0,-45.5,-25.6
09861,904,-3.1,-47.8,-17.4
09861,905,-3.1,-50.5,-11.3
09861,906,-4.5,-61.8,-54.0
09861,907,-4.2,-50.0,-38.3
09861,908,-3.4,-61.1,-13.8
09861,909,-4.8,-74.7,-40.4
09861,910,-4.7,-70.5,-41.2
09861,911,-4.6,-67.4,-41.8
09861,912,35.1,-82.3,-30.2
09861,913,35.3,-74.6,-42.8
09861,914,35.5,-66.9,-51.0
09861,915,35.8,-53.8,-26.5
09861,916,8.0,-67.2,-16.8
09861,917,7.8,-77.1,-25.1
09861,918,7.6,-82.9,-30.7
09861,919,14.3,12.3,13.3
09861,920,-18.2,-21.9,23.4
09861,921,17.5,-26.1,21.7
09861,922,-56.1,-60.3,43.1
09861,923,49.6,-11.4,42.1
09861,924,11.0,8.2,-6.2
09861,925,26.2,64.7,-5.2
09861,926,-47.4,-8.2,-10.1
09861,927,13.9,-3.4,20.7
09861,928,26.5,-5.7,6.9
09861,929,20.1,-7.2,5.9
09861,930,-21.0,-5.5,6.8
09861,931,-28.6,-16.4,7.5
09861,932,-5.1,-5.6,9.4
09861,933,-10.5,-6.9,0.6
09861,934,-11.5,-7.8,-2.6
09861,935,13.8,-7.6,4.7
09861,936,15.7,-14.6,24.0
09861,937,52.7,-12.1,-19.4
09861,938,-16.8,-50.2,70.2
09861,939,27.2,-18.5,8.2
09861,940,26.4,30.6,40.4
09861,941,8.7,-43.4,-22.4
09861,942,8.5,-49.7,-8.9
09861,943,7.9,-72.3,-40.6
09861,944,8.3,-57.4,-59.0
09861,945,9.6,-46.7,-47.6
10021,0,-29.2,5.8,-2.6
10021,1,-10.1,5.9,-8.4
10021,2,8.9,8.5,-7.4
10021,3,7.9,0.8,-6.7
10021,4,16.9,0.9,-9.1
10021,5,37.0,-0.5,4.1
10021,6,13.4,2.2,0.2
10021,7,24.8,1.7,-22.1
10021,8,19.2,0.7,-14.9
10021,9,18.1,1.6,-22.1
10021,10,20.3,1.7,-19.8
10021,11,-8.9,1.5,-9.2
10021,12,1.0,3.3,4.8
10021,13,2.1,4.5,7.1
10021,14,-12.3,2.8,-2.2
10021,15,-33.6,-1.8,1.7
10021,16,30.4,-18.0,8.0
10021,17,-31.2,-17.0,3.0
10021,18,-1.2,-5.1,18.6
10021,19,19.5,-42.4,4.3
10021,20,21.7,-41.2,7.7
10021,21,20.6,-41.2,7.7
10021,22,20.6,-41.2,6.6
10021,23,21.8,-41.2,6.6
10021,24,21.7,-38.7,14.6
10021,25,12.1,20.6,-5.0
10021,26,25.6,19.8,-2.5
10021,27,-24.9,21.0,-7.5
10021,28,-12.5,20.1,-7.4
10021,29,29.1,8.8,-6.2
10021,30,-15.3,-39.6,8.7
10021,31,-18.6,-40.6,12.3
10021,32,-18.7,-38.3,15.6
10021,33,-15.4,-36.0,17.8
10021,34,-14.3,-36.0,17.8
10021,35,-16.5,-36.0,17.8
10021,36,-24.2,-42.8,14.8
10021,37,22.3,9.0,2.0
10021,38,55.8,13.0,5.3
10021,39,31.4,8.5,-16.8
10021,40,39.3,8.6,-18.0
10021,41,-50.6,5.7,6.8
10021,42,-28.0,5.4,-15.5
10021,43,-33.8,6.1,10.4
10021,44,-49.3,5.3,-6.1
10021,45,-37.8,4.3,-43.7
10021,46,42.8,5.9,-35.4
10021,47,24.9,5.3,-44.8
10021,48,41.6,6.0,-33.1
10021,49,-50.7,7.3,22.0
10021,50,-35.3,14.2,55.7
10021,51,-40.9,14.0,53.3
10021,52,26.3,16.3,54.5
10021,53,-16.6,57.5,30.5
10021,54,9.1,53.9,41.6
10021,55,-18.9,57.4,29.4
10021,56,12.5,53.9,41.6
10021,57,-16.6,57.4,29.4
10021,58,-16.4,63.9,-6.6
10021,59,-16.4,63.6,-13.7
10021,60,7.0,67.7,-3.4
10021,61,-9.6,63.7,-14.8
10021,62,-0.7,64.8,-19.6
10021,63,10.5,67.1,-21.0
10021,64,3.7,67.4,-9.2
10021,65,-9.7,63.8,-12.5
10021,66,-8.5,33.5,29.2
10021,67,6.1,27.2,32.2
10021,68,18.4,27.9,46.3
10021,69,-24.4,44.3,35.3
10021,70,-10.4,36.1,-21.8
10021,71,5.2,38.8,-13.7
10021,72,47.7,40.9,-6.7
10021,73,-23.9,36.2,-13.6
10021,74,-7.3,41.7,13.1
10021,75,7.2,42.3,22.6
10021,76,22.7,42.9,34.3
10021,77,-38.8,48.7,10.0
10021,78,35.7,9.5,9.1
10021,79,14.4,9.3,13.8
10021,80,31.9,15.2,52.2
10021,81,48.9,13.7,31.2
10021,82,12.7,52.8,8.6
10021,83,9.6,52.9,-19.7
10021,84,18.1,67.4,15.6
10021,85,-19.6,51.6,-11.4
10021,86,11.8,53.0,-19.7
10021,87,-7.4,56.5,-3.6
10021,88,11.7,52.6,1.6
10021,89,-6.3,56.4,-7.1
10021,90,39.6,54.5,10.9
10021,91,33.0,53.7,-9.1
10021,92,25.2,54.6,-9.2
10021,93,-9.7,56.7,5.9
10021,94,-21.1,65.6,14.5
10021,95,-5.3,66.6,3.8
10021,96,21.5,67.4,14.4
10021,97,20.5,67.9,-3.3
10021,98,21.6,67.8,-6.9
10021,99,25.0,67.8,-6.9
10021,100,-12.6,19.4,2.2
10021,101,-21.5,20.2,-1.5
10021,102,-8.3,16.3,37.8
10021,103,1.7,17.8,47.2
10021,104,-8.3,17.2,33.0
10021,105,19.9,20.9,-1.4
10021,106,50.7,-6.8,-27.2
10021,107,41.9,-8.4,-36.5
10021,108,49.6,-7.0,-30.7
10021,109,54.0,-6.5,-20.1
10021,110,-25.1,-0.7,64.1
10021,111,21.1,24.7,-19.5
10021,112,-56.5,19.5,28.0
10021,113,-6.9,-45.7,-47.4
10021,114,-5.9,-37.0,-49.4
10021,115,5.3,-36.8,-49.3
10021,116,-2.5,-42.3,-47.7
10021,117,2.0,-41.2,-49.0
10021,118,-0.2,-41.2,-49.0
10021,119,-7.0,-42.4,-47.7
10021,120,8.7,-41.1,-48.9
10021,121,-3.6,-45.6,-47.4
10021,122,6.5,-44.4,-47.5
10021,123,3.0,-33.6,-50.8
10021,124,-35.8,-15.7,13.5
10021,125,-7.7,-23.8,19.1
10021,126,-10.2,-60.4,-28.4
10021,127,3.1,-67.1,-5.3
10021,128,-10.2,-50.4,-56.4
10021,129,-32.8,-57.2,-20.5
10021,130,-43.7,-77.1,-21.0
10021,131,-2.4,-41.7,-60.7
10021,132,-4.6,-43.9,-59.4
10021,133,2.1,-43.7,-59.3
10021,134,-0.1,-42.7,-60.6
10021,135,-1.2,-47.1,-59.1
10021,136,4.3,-38.3,-61.0
10021,137,-5.8,-40.6,-59.7
10021,138,4.3,-40.5,-60.8
10021,139,-5.8,-37.4,-61.1
10021,140,-8.0,-42.8,-59.5
10021,141,5.5,-44.8,-59.2
10021,142,-7.0,-34.0,-57.9
10021,143,-4.6,-44.8,-54.6
10021,144,4.3,-43.5,-54.6
10021,145,-1.3,-42.6,-55.9
10021,146,1.0,-42.5,-55.9
10021,147,1.0,-45.8,-54.4
10021,148,-1.3,-41.5,-56.0
10021,149,-0.2,-40.4,-56.1
10021,150,-4.7,-37.2,-56.4
10021,151,3.1,-37.1,-56.4
10021,152,-4.7,-39.4,-56.2
10021,153,4.3,-40.3,-56.1
10021,154,-6.9,-38.3,-56.3
10021,155,5.4,-37.0,-56.4
10021,156,-6.9,-42.7,-55.9
10021,157,7.7,-42.4,-55.9
10021,158,-0.2,-41.5,-56.0
10021,159,-3.7,-32.7,-54.5
10021,160,-6.9,-45.8,-50.9
10021,161,-2.4,-44.6,-51.0
10021,162,-1.3,-43.5,-51.1
10021,163,0.9,-42.4,-51.2
10021,164,-3.6,-37.1,-52.9
10021,165,2.0,-37.0,-52.9
10021,166,-3.6,-42.5,-52.4
10021,167,0.9,-41.3,-52.5
10021,168,-6.9,-41.5,-52.5
10021,169,-1.3,-41.4,-52.5
10021,170,6.5,-41.2,-52.5
10021,171,-5.7,-48.0,-50.7
10021,172,4.3,-44.5,-51.0
10021,173,5.4,-39.1,-52.7
10021,174,-4.7,-42.5,-52.4
10021,175,3.2,-41.3,-52.5
10021,176,-3.5,-46.8,-50.8
10021,177,4.3,-45.6,-50.9
10021,178,-1.5,-32.6,-50.9
10021,179,-11.4,-44.7,-47.5
10021,180,-1.3,-45.6,-47.4
10021,181,4.3,-43.3,-47.6
10021,182,8.7,-43.2,-47.6
10021,183,-0.2,-44.5,-47.5
10021,184,0.9,-42.3,-47.7
10021,185,48.8,41.0,-4.4
10021,186,40.9,27.6,24.0
10021,187,57.7,-52.5,10.0
10021,188,7.7,-6.5,36.4
10021,189,-40.2,-82.0,-38.3
10021,190,64.5,-37.0,-19.7
10021,191,27.5,-37.6,-20.9
10021,192,30.2,-79.0,-14.8
10021,193,-37.7,-11.7,-30.5
10021,194,40.2,-51.5,-49.1
10021,195,40.3,-56.8,-43.9
10021,196,33.6,-60.5,-51.8
10021,197,33.8,-70.4,-54.5
10021,198,33.7,-59.6,-59.0
10021,199,33.2,-35.6,-27.0
10021,200,33.3,-49.6,-22.1
10021,201,33.8,-83.9,-32.0
10021,202,33.7,-76.4,-38.6
10021,203,32.5,-74.8,-22.2
10021,204,33.8,-82.0,-42.8
10021,205,14.1,-37.9,-20.9
10021,206,14.2,-54.0,-13.5
10021,207,14.1,-39.2,-26.7
10021,208,14.1,-42.1,-17.0
10021,209,13.7,-78.2,-47.9
10021,210,13.4,-58.4,-46.2
10021,211,13.6,-69.6,-52.3
10021,212,13.4,-62.7,-44.6
10021,213,14.5,-58.4,-46.2
10021,214,14.4,-67.4,-19.4
10021,215,14.8,-90.5,-24.4
10021,216,13.7,-87.7,-38.8
10021,217,13.7,-85.6,-40.2
10021,218,14.6,-79.4,-18.3
10021,219,14.6,-82.7,-21.6
10021,220,14.7,-78.7,-32.5
10021,221,13.7,-83.5,-42.7
10021,222,2.9,-45.4,-10.8
10021,223,2.2,-61.9,-45.9
10021,224,2.9,-43.4,-18.1
10021,225,2.0,-55.9,-29.9
10021,226,2.2,-58.6,-45.0
10021,227,2.9,-57.0,2.0
10021,228,3.1,-65.0,-9.0
10021,229,3.2,-74.9,-9.3
10021,230,3.0,-54.1,-11.2
10021,231,4.2,-67.1,-5.3
10021,232,3.2,-65.2,-14.9
10021,233,3.5,-84.2,-26.2
10021,234,2.2,-73.3,-26.0
10021,235,2.3,-68.2,-39.4
10021,236,2.1,-63.5,-29.2
10021,237,2.2,-80.6,-15.9
10021,238,2.2,-75.3,-21.1
10021,239,2.2,-71.3,-32.1
10021,240,2.2,-64.9,-38.5
10021,241,-10.4,-53.4,-16.0
10021,242,-10.4,-63.0,-8.1
10021,243,-10.1,-79.6,-13.6
10021,244,-9.9,-88.7,-24.6
10021,245,-10.2,-72.0,-14.3
10021,246,-9.9,-91.7,-16.1
10021,247,-10.1,-56.7,-47.6
10021,248,-10.3,-49.9,-41.1
10021,249,-10.1,-59.0,-52.1
10021,250,-10.2,-56.6,-45.2
10021,251,-11.5,-43.1,-33.5
10021,252,-9.8,-83.9,-43.9
10021,253,-9.9,-77.5,-48.1
10021,254,-10.0,-77.1,-36.3
10021,255,-10.0,-70.9,-47.5
10021,256,-32.7,-63.8,-18.7
10021,257,-31.4,-53.9,-51.4
10021,258,-31.4,-56.2,-54.8
10021,259,-32.5,-77.0,-22.2
10021,260,-31.2,-69.3,-54.8
10021,261,-31.2,-80.7,-36.0
10021,262,-31.4,-59.1,-45.1
10021,263,-44.0,-43.8,-38.2
10021,264,-42.8,-46.3,-47.4
10021,265,50.0,13.7,31.2
10021,266,-8.5,63.8,-12.5
10021,267,42.2,-0.1,46.5
10021,268,-1.2,-35.3,63.8
10021,269,-4.6,-37.1,76.9
10021,270,13.3,-39.9,80.8
10021,271,13.6,-38.0,41.6
10021,272,-7.7,-34.0,41.2
10021,273,12.5,-38.1,39.3
10021,274,10.3,-38.2,35.8
10021,275,8.1,-38.3,33.4
10021,276,2.5,-38.7,26.3
10021,277,-63.1,-60.4,-0.2
10021,278,-31.7,-60.0,-4.9
10021,279,-45.1,-60.5,-13.1
10021,280,-64.3,-59.2,2.1
10021,281,58.0,-54.5,-15.7
10021,282,46.8,-54.7,-16.9
10021,283,26.5,-52.5,-6.6
10021,284,29.9,-52.5,-8.9
10021,285,-53.3,-57.3,22.0
10021,286,-18.4,-54.2,-3.0
10021,287,-10.6,-48.6,-1.1
10021,288,-10.6,-46.3,-0.1
10021,289,11.8,-47.0,1.2
10021,290,64.3,-50.6,30.0
10021,291,58.8,-51.3,13.5
10021,292,-33.6,-44.5,66.9
10021,293,-43.5,-46.3,51.7
10021,294,3.2,8.7,3.2
10021,295,-3.5,5.6,10.5
10021,296,-9.1,6.6,10.4
10021,297,-18.0,6.0,-1.4
10021,298,-19.4,-10.4,65.0
10021,299,24.8,-17.0,9.1
10021,300,22.6,-17.2,4.4
10021,301,-25.6,-17.9,7.9
10021,302,-21.1,-17.8,6.7
10021,303,-20.0,-17.8,6.7
10021,304,-11.3,-11.6,25.0
10021,305,16.8,-9.0,22.5
10021,306,9.9,4.7,11.8
10021,307,25.7,1.5,3.9
10021,308,-38.3,-15.5,51.3
10021,309,-39.4,-17.9,47.9
10021,310,-50.7,-17.7,58.5
10021,311,-11.4,4.4,12.9
10021,312,-22.4,1.7,1.4
10021,313,-6.7,1.8,-3.3
10021,314,-14.5,1.2,-16.3
10021,315,61.5,-17.3,47.0
10021,316,-29.2,-1.6,6.4
10021,317,48.5,-18.2,-6.1
10021,318,50.7,-18.2,-8.4
10021,319,65.4,-18.3,-17.8
10021,320,33.8,-53.2,66.7
10021,321,40.7,-56.9,51.7
10021,322,-68.1,-24.2,3.6
10021,323,-54.6,-26.4,-2.1
10021,324,-57.7,-31.6,-26.4
10021,325,-51.0,-30.2,-19.4
10021,326,-10.0,-54.8,75.0
10021,327,-50.0,-54.7,32.4
10021,328,43.0,-19.0,-26.1
10021,329,-2.5,-12.5,58.2
10021,330,-10.2,-10.0,37.9
10021,331,5.3,-14.2,69.0
10021,332,8.7,-7.4,41.2
10021,333,-4.6,-9.9,37.9
10021,334,-0.1,-10.1,29.6
10021,335,8.8,-6.5,36.4
10021,336,4.3,-6.8,29.4
10021,337,-28.4,-8.5,58.9
10021,338,39.7,-19.1,-28.4
10021,339,9.5,53.3,-7.9
10021,340,-39.8,46.4,5.5
10021,341,-49.1,-14.5,-9.0
10021,342,-51.3,-14.6,-12.6
10021,343,57.4,-6.4,-17.7
10021,344,-41.6,19.2,-20.3
10021,345,47.9,-54.7,-16.9
10021,346,-29.9,-62.3,56.7
10021,347,-18.6,-29.5,-14.7
10021,348,-25.3,-29.6,-17.0
10021,349,48.6,-36.4,6.2
10021,350,37.0,-93.4,9.0
10021,351,35.8,-92.2,11.2
10021,352,-63.7,-37.2,37.8
10021,353,0.1,-95.4,0.8
10021,354,18.1,-95.4,-8.6
10021,355,-25.9,-27.0,61.8
10021,356,-3.5,-26.5,66.5
10021,357,2.0,-20.9,66.0
10021,358,-6.8,-21.8,43.7
10021,359,32.0,-72.6,42.5
10021,360,11.0,-24.0,67.5
10021,361,-19.7,-72.9,60.1
10021,362,36.1,-18.1,2.1
10021,363,22.3,-9.8,29.7
10021,364,30.4,-17.0,5.6
10021,365,-48.3,-85.0,8.0
10021,366,-33.7,-84.1,-6.2
10021,367,-20.9,-11.5,-32.8
10021,368,-27.6,-11.5,-30.5
10021,369,-46.2,-83.3,25.5
10021,370,-32.6,-84.0,-3.9
10021,371,-8.8,-19.7,11.6
10021,372,18.0,-12.8,7.5
10021,373,19.2,-12.8,7.5
10021,374,-40.0,-11.8,-31.7
10021,375,-30.9,-13.0,-38.6
10021,376,-31.0,-11.7,-32.8
10021,377,-32.9,-82.6,40.8
10021,378,38.8,-76.2,29.8
10021,379,40.0,-76.2,29.8
10021,380,13.2,-76.1,15.6
10021,381,-37.9,-23.5,10.7
10021,382,-32.4,-23.1,17.7
10021,383,-30.0,-24.7,3.7
10021,384,40.6,-18.1,1.0
10021,385,4.0,-34.0,-29.5
10021,386,-11.7,-34.2,-28.4
10021,387,-17.3,-34.3,-28.4
10021,388,0.7,-35.1,-29.5
10021,389,-7.2,-32.0,-29.8
10021,390,-0.5,-32.9,-29.7
10021,391,7.2,-23.0,-30.5
10021,392,-8.4,-23.3,-30.6
10021,393,-3.8,-34.0,-28.4
10021,394,-1.6,-35.1,-28.3
10021,395,-7.2,-35.2,-28.3
10021,396,-7.2,-35.3,-33.0
10021,397,1.8,-35.2,-33.0
10021,398,7.3,-24.2,-35.1
10021,399,-8.4,-25.6,-36.2
10021,400,-1.6,-34.2,-34.3
10021,401,1.8,-33.1,-34.4
10021,402,-3.8,-33.1,-34.4
10021,403,7.4,-35.1,-33.0
10021,404,-10.5,-34.3,-33.1
10021,405,4.0,-35.2,-33.0
10021,406,-7.2,-34.3,-33.1
10021,407,-13.9,-34.4,-33.1
10021,408,12.0,-38.5,-37.4
10021,409,-13.8,-41.1,-37.2
10021,410,-10.4,-41.0,-37.2
10021,411,6.2,-26.6,-39.6
10021,412,-7.2,-26.8,-39.7
10021,413,7.5,-38.5,-37.4
10021,414,8.6,-35.2,-37.7
10021,415,-9.3,-37.7,-37.5
10021,416,1.9,-37.5,-37.5
10021,417,7.5,-37.4,-37.5
10021,418,-9.3,-39.9,-37.3
10021,419,-11.5,-44.3,-36.9
10021,420,-9.3,-43.2,-37.0
10021,421,-5.9,-36.9,-47.0
10021,422,4.2,-35.6,-47.1
10021,423,-1.4,-35.7,-47.1
10021,424,-10.3,-42.3,-44.2
10021,425,4.2,-42.1,-44.1
10021,426,-4.7,-44.4,-44.0
10021,427,6.4,-38.8,-45.6
10021,428,-7.0,-41.2,-45.4
10021,429,-1.4,-40.0,-45.5
10021,430,2.0,-40.0,-45.5
10021,431,-3.6,-41.2,-45.4
10021,432,-3.7,-32.5,-47.4
10021,433,0.7,-29.1,-47.7
10021,434,-3.8,-29.2,-47.7
10021,435,4.2,-38.9,-45.6
10021,436,-8.1,-39.1,-45.6
10021,437,5.3,-40.9,-40.7
10021,438,-0.4,-35.5,-42.4
10021,439,1.9,-37.7,-41.0
10021,440,-2.6,-38.8,-40.9
10021,441,-7.1,-37.8,-41.0
10021,442,3.1,-42.0,-40.6
10021,443,-3.6,-43.2,-40.5
10021,444,-7.0,-44.3,-40.4
10021,445,8.6,-37.5,-41.0
10021,446,-8.2,-40.0,-40.8
10021,447,5.2,-27.8,-43.1
10021,448,-4.9,-28.0,-43.1
10021,449,6.4,-34.3,-42.5
10021,450,-6.0,-35.6,-42.4
10021,451,0.8,-38.8,-40.9
10021,452,-3.7,-38.8,-40.9
10021,453,-1.4,-39.9,-40.8
10021,454,3.0,-39.8,-40.8
10021,455,-7.0,-40.0,-40.8
10021,456,6.5,-38.2,-59.8
10021,457,9.1,-10.0,-2.2
10021,458,-12.1,-14.0,-12.5
10021,459,-17.6,-16.2,-11.2
10021,460,14.9,-15.7,-12.3
10021,461,0.3,-20.2,-10.7
10021,462,13.8,-16.8,-12.2
10021,463,-0.8,-21.4,-10.6
10021,464,-0.8,-22.5,-10.5
10021,465,-5.2,-32.2,-6.1
10021,466,10.5,-29.8,-7.5
10021,467,-5.2,-30.1,-7.5
10021,468,8.1,-16.9,-12.2
10021,469,-7.5,-17.1,-11.0
10021,470,-1.9,-20.3,-10.7
10021,471,2.6,-20.2,-10.7
10021,472,-3.0,-21.4,-10.6
10021,473,3.7,-25.6,-9.1
10021,474,-3.0,-26.8,-7.8
10021,475,-6.1,-35.9,-17.6
10021,476,0.5,-32.5,-17.9
10021,477,-0.6,-32.5,-17.9
10021,478,6.1,-32.4,-17.9
10021,479,5.0,-33.5,-17.8
10021,480,-7.3,-33.7,-17.8
10021,481,-5.0,-34.8,-17.7
10021,482,0.6,-33.6,-17.8
10021,483,7.2,-25.9,-18.5
10021,484,6.1,-25.9,-18.5
10021,485,-8.5,-27.2,-18.4
10021,486,-6.2,-28.3,-18.3
10021,487,-2.9,-26.1,-19.7
10021,488,-5.1,-28.3,-18.3
10021,489,1.6,-31.4,-18.0
10021,490,-2.8,-34.8,-17.7
10021,491,-1.8,-20.7,-23.7
10021,492,6.0,-20.6,-23.7
10021,493,0.6,-34.8,-21.2
10021,494,-6.1,-36.0,-21.1
10021,495,9.5,-28.1,-21.8
10021,496,6.1,-26.0,-23.2
10021,497,-9.6,-28.4,-21.8
10021,498,-5.1,-25.1,-23.3
10021,499,3.9,-27.2,-23.1
10021,500,-2.8,-27.3,-23.1
10021,501,1.7,-33.7,-21.3
10021,502,-0.5,-33.8,-21.3
10021,503,7.3,-33.6,-21.3
10021,504,6.2,-35.8,-21.1
10021,505,-7.3,-33.9,-21.3
10021,506,-5.0,-36.0,-21.1
10021,507,2.8,-35.9,-21.1
10021,508,-0.5,-35.9,-21.1
10021,509,-8.6,-26.7,-3.1
10021,510,-1.0,-18.4,12.7
10021,511,-14.3,-25.6,0.3
10021,512,-10.1,-15.0,20.6
10021,513,-3.2,-19.6,9.3
10021,514,-2.2,-14.9,18.3
10021,515,-7.8,-13.8,21.7
10021,516,12.5,-14.3,-1.8
10021,517,14.8,-15.5,-6.4
10021,518,12.3,-8.2,17.7
10021,519,19.4,-17.8,-12.1
10021,520,23.8,-16.3,-2.8
10021,521,11.3,-11.8,6.2
10021,522,13.4,-8.1,17.7
10021,523,-27.7,-17.4,-8.7
10021,524,-27.7,-17.6,-15.8
10021,525,-26.6,-17.6,-15.8
10021,526,-25.5,-17.4,-11.1
10021,527,-31.0,-16.7,-18.2
10021,528,-22.0,-16.6,-21.8
10021,529,-28.7,-33.6,-1.4
10021,530,-36.5,-34.9,-3.6
10021,531,-25.3,-34.7,-6.0
10021,532,-24.2,-34.7,-6.0
10021,533,-26.4,-34.8,-6.0
10021,534,-27.5,-34.9,-8.3
10021,535,-18.6,-34.7,-7.1
10021,536,22.8,-28.3,-1.7
10021,537,25.1,-29.5,-3.9
10021,538,24.0,-30.8,-9.7
10021,539,11.6,-29.7,-4.0
10021,540,10.5,-29.7,-4.0
10021,541,8.2,-27.4,0.5
10021,542,26.2,-29.4,-3.9
10021,543,36.3,-30.5,-8.5
10021,544,21.7,-30.7,-6.2
10021,545,22.9,-30.7,-7.4
10021,546,25.1,-30.7,-7.4
10021,547,28.5,-30.6,-7.4
10021,548,22.9,-30.8,-9.7
10021,549,15.0,-30.9,-8.6
10021,550,-25.5,-11.1,-19.9
10021,551,-13.2,-10.7,-14.0
10021,552,-17.7,-10.9,-15.2
10021,553,-27.7,-24.7,1.4
10021,554,32.7,-18.0,8.0
10021,555,26.0,-16.1,0.8
10021,556,28.2,-17.2,-0.3
10021,557,-27.6,-28.3,-7.7
10021,558,-31.0,-28.4,-8.9
10021,559,-22.0,-29.3,-8.8
10021,560,36.2,-18.7,-15.5
10021,561,28.4,-18.9,-17.9
10021,562,29.5,-18.9,-17.9
10021,563,30.6,-18.9,-17.9
10021,564,32.9,-18.8,-16.7
10021,565,32.9,-18.9,-19.0
10021,566,23.9,-19.1,-20.2
10021,567,-31.2,-16.0,0.6
10021,568,15.5,9.3,13.8
10021,569,-55.1,5.9,13.9
10021,570,-38.7,46.4,5.5
10021,571,-55.4,19.5,28.0
10021,572,-0.9,-34.4,25.9
10021,573,-45.2,-72.4,23.4
10021,574,-28.1,-1.5,6.4
10021,575,-57.9,-28.8,-6.6
10021,576,56.7,-63.3,15.7
10021,577,-26.2,-0.9,57.1
10021,578,11.2,-19.6,35.3
10021,579,2.3,-20.9,33.0
10021,580,26.3,-72.5,49.5
10021,581,30.9,-74.1,33.2
10021,582,13.2,-25.0,68.8
10021,583,40.2,-28.1,60.9
10021,584,50.4,-30.2,58.7
10021,585,51.6,-32.6,50.7
10021,586,51.6,-32.7,48.4
10021,587,-25.1,-76.0,37.9
10021,588,-15.0,-73.8,30.7
10021,589,50.0,-76.1,28.7
10021,590,10.0,-78.1,-10.2
10021,591,18.9,-78.8,-4.2
10021,592,36.9,-78.5,-5.4
10021,593,39.1,-78.5,-6.5
10021,594,-1.5,-75.9,28.5
10021,595,-6.9,-78.8,8.7
10021,596,-23.4,-14.5,8.7
10021,597,-16.7,-11.3,3.7
10021,598,-13.3,-10.2,1.3
10021,599,-30.0,-61.1,60.1
10021,600,-42.1,-67.3,44.1
10021,601,-45.4,-31.2,-19.3
10021,602,-39.8,-31.0,-17.0
10021,603,-33.1,-31.1,-24.0
10021,604,34.1,-19.1,-26.1
10021,605,24.0,-19.3,-26.1
10021,606,-58.8,-46.4,-9.7
10021,607,-43.1,-44.1,-14.6
10021,608,-58.7,-46.5,-14.4
10021,609,-39.7,-44.0,-14.6
10021,610,9.5,-71.8,45.9
10021,611,44.3,-37.2,-16.2
10021,612,40.9,-37.3,-17.3
10021,613,-64.5,-42.6,8.8
10021,614,-67.8,-43.9,3.0
10021,615,-62.3,-42.5,8.8
10021,616,-6.9,-91.2,29.9
10021,617,-17.0,-93.8,24.2
10021,618,61.0,-36.4,0.3
10021,619,40.6,-33.9,18.9
10021,620,46.4,-36.4,7.4
10021,621,-40.3,-34.2,49.4
10021,622,-59.3,-36.9,46.1
10021,623,-67.0,-40.9,27.5
10021,624,12.2,-92.4,17.1
10021,625,0.0,-91.8,8.7
10021,626,15.8,-95.4,-7.4
10021,627,-21.5,-26.7,68.8
10021,628,-31.6,-26.8,70.0
10021,629,-38.2,-29.5,59.6
10021,630,-12.4,-91.9,12.2
10021,631,-11.1,-96.7,0.9
10021,632,-33.6,-97.9,6.8
10021,633,-27.8,-98.4,-9.6
10021,634,-7.9,-23.9,48.6
10021,635,13.4,-20.6,37.7
10021,636,-14.6,-81.8,-11.1
10021,637,-5.8,-79.0,1.6
10021,638,10.9,-76.2,13.2
10021,639,5.1,27.1,28.6
10021,640,-15.4,64.4,7.5
10021,641,-28.8,41.9,29.6
10021,642,60.2,-54.4,-14.6
10021,643,-5.9,-26.2,75.9
10021,644,31.3,-28.2,63.2
10021,645,-31.2,-23.4,8.3
10021,646,-19.9,-11.0,-17.5
10021,647,26.1,-15.7,-18.2
10021,648,13.8,-28.5,-1.7
10021,649,-25.5,-18.3,-6.3
10021,650,10.1,-10.6,9.7
10021,651,20.4,-16.6,-8.7
10021,652,0.1,-18.4,12.7
10021,653,13.3,-56.9,-33.3
10021,654,8.8,-62.1,-22.3
10021,655,8.8,-57.8,-25.0
10021,656,8.8,-61.3,-30.6
10021,657,2.0,-54.6,-24.1
10021,658,-10.2,-65.9,-30.2
10021,659,-15.5,57.5,30.6
10021,660,-15.3,63.9,-6.6
10021,661,-8.5,63.7,-14.8
10021,662,-51.2,-13.9,-23.3
10021,663,-51.2,-14.0,-28.0
10021,664,47.5,-7.3,-38.9
10021,665,48.6,-7.3,-38.9
10021,666,37.4,-10.6,-35.1
10021,667,47.4,-7.0,-29.5
10021,668,65.0,-4.2,10.4
10021,669,51.8,-6.4,-16.6
10021,670,53.9,-7.1,-5.9
10021,671,-19.5,-0.6,64.1
10021,672,32.0,4.5,57.9
10021,673,35.4,3.4,55.7
10021,674,33.1,4.6,60.3
10021,675,26.8,22.3,-28.7
10021,676,-11.4,24.2,-16.0
10021,677,6.5,24.6,-14.8
10021,678,-20.4,24.1,-16.0
10021,679,14.3,24.8,-11.2
10021,680,-53.2,19.6,30.3
10021,681,-36.2,21.4,10.2
10021,682,-3.6,24.7,-6.6
10021,683,-2.5,24.7,-6.6
10021,684,2.0,24.8,-5.4
10021,685,-14.2,30.9,54.2
10021,686,-15.3,29.6,48.4
10021,687,-8.4,33.3,24.5
10021,688,21.8,27.8,40.4
10021,689,-48.8,35.8,21.8
10021,690,-8.1,36.2,-20.6
10021,691,7.5,38.6,-20.8
10021,692,9.8,38.6,-22.0
10021,693,22.0,40.3,-10.3
10021,694,-5.0,41.3,1.4
10021,695,4.0,40.2,-4.4
10021,696,-6.0,38.7,-11.4
10021,697,-8.2,38.6,-13.7
10021,698,6.4,38.5,-24.3
10021,699,44.2,40.4,12.2
10021,700,43.3,40.6,-12.6
10021,701,-39.7,35.3,1.8
10021,702,-43.0,35.2,0.6
10021,703,-3.0,43.3,27.1
10021,704,9.4,42.3,23.7
10021,705,26.1,42.9,32.0
10021,706,42.1,27.6,24.0
10021,707,39.9,26.3,20.5
10021,708,35.5,25.9,8.8
10021,709,33.3,25.7,5.2
10021,710,-64.0,-12.0,37.9
10021,711,-49.2,-11.7,8.4
10021,712,-45.8,-12.8,5.0
10021,713,-54.8,-13.0,5.0
10021,714,43.4,-1.3,44.3
10021,715,51.2,-4.2,50.5
10021,716,61.5,-4.7,30.5
10021,717,66.0,-4.7,29.3
10021,718,-5.7,-36.3,68.6
10021,719,0.0,-35.3,63.8
10021,720,-7.8,-33.8,47.1
10021,721,-6.8,-36.2,70.9
10021,722,37.2,-46.1,48.3
10021,723,39.5,-46.3,41.3
10021,724,38.3,-44.9,51.8
10021,725,-11.4,24.3,-13.6
10021,726,-38.5,35.2,-1.7
10021,727,21.7,-10.7,-31.6
10021,728,-42.4,-14.1,-2.0
10021,729,16.2,-34.1,-8.3
10021,730,15.1,-34.2,-9.4
10021,731,36.3,-34.8,-4.6
10021,732,20.4,-25.5,18.1
10021,733,-5.4,-9.4,-9.4
10021,734,5.8,-13.5,-9.0
10021,735,-24.2,-37.9,-3.3
10021,736,-16.6,-27.2,18.2
10021,737,10.4,-13.7,-14.9
10021,738,-1.0,-7.8,1.1
10021,739,2.3,-6.7,2.2
10021,740,-5.5,-9.1,-2.3
10021,741,5.7,-8.9,0.0
10021,742,-4.3,-9.1,-3.5
10021,743,3.5,-11.2,-2.1
10021,744,-5.4,-9.3,-7.0
10021,745,4.7,-13.4,-5.4
10021,746,28.3,-10.4,-23.4
10021,747,-2.2,-7.8,3.5
10021,748,4.5,-5.5,3.3
10021,749,-8.8,-9.3,-7.0
10021,750,20.5,-30.3,4.4
10021,751,15.1,-35.4,-12.9
10021,752,19.6,-35.2,-10.5
10021,753,20.7,-34.0,-7.1
10021,754,-22.1,-31.8,15.0
10021,755,51.8,-6.8,-27.2
10021,756,25.6,-91.8,30.0
10021,757,21.4,-19.9,21.1
10021,758,7.9,-18.0,18.6
10021,759,8.0,-21.6,10.6
10021,760,13.6,-20.2,15.3
10021,761,11.5,-25.0,5.1
10021,762,23.8,-23.5,9.7
10021,763,9.2,-21.6,10.6
10021,764,-22.4,-22.5,31.9
10021,765,-6.7,-19.3,22.2
10021,766,-9.9,-25.1,12.1
10021,767,-10.0,-20.4,22.3
10021,768,-15.4,-28.6,10.0
10021,769,-23.3,-28.4,18.3
10021,770,-20.9,-33.3,1.0
10021,771,-8.7,-25.1,12.1
10021,772,-5.5,-9.0,2.4
10021,773,1.1,-6.3,12.8
10021,774,5.6,-4.1,11.4
10021,775,-1.1,-6.4,11.6
10021,776,9.0,-5.2,10.3
10021,777,22.7,-11.5,-20.9
10021,778,18.2,-12.5,-17.3
10021,779,15.9,-12.3,-11.4
10021,780,-24.1,-39.1,-6.7
10021,781,-26.4,-39.1,-3.2
10021,782,-23.0,-37.9,-4.5
10021,783,-21.9,-37.9,-4.5
10021,784,-33.1,-40.1,0.4
10021,785,9.2,-25.8,14.6
10021,786,29.5,-32.5,-0.1
10021,787,16.1,-30.5,0.9
10021,788,9.2,-28.2,8.9
10021,789,19.5,-32.8,-3.6
10021,790,11.6,-31.9,-3.8
10021,791,28.4,-31.2,6.9
10021,792,12.8,-31.8,-3.8
10021,793,-18.5,-36.9,-6.9
10021,794,-18.9,-27.1,24.0
10021,795,-19.8,-33.2,5.7
10021,796,-12.1,-27.3,12.3
10021,797,6.3,38.8,-13.7
10021,798,36.6,25.9,8.8
10021,799,-40.8,-69.9,30.2
10021,800,-44.2,-71.1,28.0
10021,801,-44.1,-72.4,23.4
10021,802,-41.9,-71.1,28.0
10021,803,66.5,-18.3,-17.8
10021,804,-4.4,-52.6,70.1
10021,805,-2.0,-52.1,51.1
10021,806,2.4,-53.8,65.5
10021,807,50.9,-60.6,34.4
10021,808,45.6,-65.0,1.7
10021,809,46.8,-65.1,-0.6
10021,810,10.6,-57.1,26.8
10021,811,-2.8,-53.2,19.4
10021,812,-11.5,-67.1,0.6
10021,813,-4.9,-62.4,7.2
10021,814,14.1,-61.9,12.0
10021,815,25.3,-60.5,16.6
10021,816,43.5,-65.3,-6.5
10021,817,9.7,-64.5,2.7
10021,818,42.4,-65.5,-10.1
10021,819,24.4,-65.6,-4.2
10021,820,-50.6,-74.4,-0.1
10021,821,-55.1,-74.4,-0.1
10021,822,37.8,-12.6,67.7
10021,823,45.8,-14.4,43.1
10021,824,49.2,-15.4,45.6
10021,825,51.3,-16.1,55.1
10021,826,-36.2,-1.3,50.0
10021,827,45.0,-6.3,-9.5
10021,828,41.7,-6.5,-14.2
10021,829,43.8,-6.0,2.2
10021,830,29.2,-7.1,8.2
10021,831,23.6,-7.3,5.8
10021,832,-7.1,-0.9,47.7
10021,833,8.6,3.6,44.9
10021,834,-7.0,-1.1,41.8
10021,835,-1.4,-1.2,34.7
10021,836,8.6,2.4,40.3
10021,837,6.5,-1.3,30.0
10021,838,-8.0,-4.0,20.8
10021,839,17.9,-5.8,19.9
10021,840,7.7,-3.6,25.5
10021,841,-49.6,7.4,22.0
10021,842,65.4,-50.6,30.0
10021,843,30.7,-19.2,-26.1
10021,844,-11.2,-95.4,5.5
10021,845,39.1,-27.9,67.9
10021,846,-27.3,-79.2,39.4
10021,847,16.9,-12.8,7.5
10021,848,14.6,-11.3,20.3
10021,849,-17.8,-17.8,5.5
10021,850,19.3,-23.7,8.5
10021,851,20.4,-23.6,8.5
10021,852,-18.8,-27.3,17.0
10021,853,13.8,-11.7,-24.5
10021,854,18.0,-7.4,3.5
10021,855,30.8,-36.2,-12.7
10021,856,28.5,-35.1,-11.7
10021,857,21.6,-30.3,4.4
10021,858,19.4,-30.4,4.4
10021,859,4.4,-5.1,16.2
10021,860,26.0,-16.4,-6.3
10021,861,1.3,-18.7,3.3
10021,862,1.2,-16.2,11.3
10021,863,-3.2,-17.4,11.4
10021,864,4.7,-19.6,6.9
10021,865,2.4,-18.6,3.3
10021,866,-5.4,-20.0,-0.2
10021,867,-12.0,-19.3,-8.5
10021,868,1.3,-17.4,7.9
10021,869,-8.7,-20.0,-0.2
10021,870,14.9,-16.7,-9.8
10021,871,27.2,-15.6,-14.6
10021,872,27.2,-15.7,-18.2
10021,873,-24.4,-18.3,-6.3
10021,874,-26.6,-17.3,-7.5
10021,875,-25.5,-17.5,-13.4
10021,876,20.4,-17.3,0.9
10021,877,11.3,-17.1,11.4
10021,878,1.3,-18.6,5.6
10021,879,-8.7,-19.2,-6.1
10021,880,3.5,-19.6,8.1
10021,881,11.5,-17.7,-5.0
10021,882,-9.8,-19.3,-8.5
10021,883,-4.2,-20.1,-4.9
10021,884,-14.2,-17.4,-15.8
10021,885,8.1,-18.7,-0.2
10021,886,4.6,-16.1,13.7
10021,887,21.7,-15.9,-22.9
10021,888,21.6,-15.7,-15.8
10021,889,33.9,-15.5,-17.0
10021,890,26.0,-15.4,-8.8
10021,891,27.2,-15.4,-8.8
10021,892,26.0,-15.4,-9.9
12876,0,-58.0,-46.0,3.0
12876,1,-61.0,-46.0,-19.0
12876,2,-52.0,-46.0,-17.0
12876,3,-60.0,-36.0,1.0
12876,4,-69.0,-36.0,9.0
12876,5,-58.0,-19.0,-19.0
12876,6,-43.0,-8.0,13.0
12876,7,-41.0,-9.0,5.0
12876,8,-59.0,-8.0,5.0
12876,9,-67.0,-8.0,4.0
12876,10,-68.0,-8.0,23.0
12876,11,-13.0,17.0,9.0
12876,12,-4.0,16.0,-9.0
12876,13,-12.0,16.0,-8.0
12876,14,-23.0,17.0,-1.0
12876,15,-56.0,-47.0,29.0
12876,16,-6.0,-46.0,50.0
12876,17,-10.0,-46.0,59.0
12876,18,-20.0,-46.0,68.0
12876,19,-31.0,-47.0,45.0
12876,20,-44.0,-47.0,48.0
12876,21,-3.0,-46.0,37.0
12876,22,-46.0,-35.0,43.0
12876,23,-32.0,-35.0,39.0
12876,24,-46.0,-36.0,-33.0
12876,25,-5.0,-20.0,72.0
12876,26,-13.0,-20.0,73.0
12876,27,-47.0,-19.0,-34.0
12876,28,-53.0,-19.0,-26.0
12876,29,-42.0,-20.0,55.0
12876,30,-29.0,-9.0,59.0
12876,31,-65.0,-8.0,-16.0
12876,32,-47.0,3.0,-14.0
12876,33,-63.0,3.0,-7.0
12876,34,-65.0,-8.0,41.0
12876,35,-61.0,-8.0,38.0
12876,36,-32.0,-69.0,55.0
12876,37,-29.0,-69.0,56.0
12876,38,-55.0,-57.0,12.0
12876,39,-5.0,-55.0,36.0
12876,40,-6.0,-55.0,49.0
12876,41,-36.0,-56.0,51.0
12876,42,-29.0,-55.0,65.0
12876,43,-34.0,-56.0,-9.0
12876,44,-32.0,-56.0,-6.0
12876,45,-15.0,-55.0,17.0
12876,46,-49.0,-56.0,-12.0
12876,47,-9.0,-68.0,32.0
12876,48,-11.0,-68.0,30.0
12876,49,-6.0,-68.0,59.0
12876,50,-21.0,-68.0,21.0
12876,51,-9.0,-69.0,-1.0
12876,52,-19.0,-69.0,6.0
12876,53,-18.0,-68.0,14.0
12876,54,-22.0,-68.0,20.0
12876,55,-54.0,-70.0,27.0
12876,56,-61.0,-71.0,-1.0
12876,57,-63.0,3.0,10.0
12876,58,-3.0,17.0,24.0
12876,59,-4.0,17.0,43.0
12876,60,-4.0,17.0,66.0
12876,61,-47.0,17.0,52.0
12876,62,-25.0,17.0,49.0
12876,63,-28.0,16.0,-43.0
12876,64,-46.0,16.0,-40.0
12876,65,-32.0,16.0,-27.0
12876,66,-5.0,28.0,17.0
12876,67,-4.0,28.0,17.0
12876,68,-37.0,47.0,-4.0
12876,69,-5.0,47.0,-29.0
12876,70,-25.0,44.0,51.0
12876,71,-42.0,45.0,40.0
12876,72,-11.0,32.0,-24.0
12876,73,-24.0,16.0,-26.0
12876,74,-5.0,-42.0,-62.0
12876,75,-5.0,-42.0,-59.0
12876,76,-2.0,-35.0,-57.0
12876,77,-5.0,-38.0,-55.0
12876,78,-5.0,-37.0,-55.0
12876,79,-7.0,-36.0,-53.0
12876,80,-6.0,-40.0,-52.0
12876,81,-6.0,-37.0,-53.0
12876,82,0.0,-37.0,-52.0
12876,83,-2.0,-37.0,-53.0
12876,84,-5.0,-33.0,-54.0
12876,85,-1.0,-30.0,-54.0
12876,86,-4.0,-32.0,-49.0
12876,87,0.0,-37.0,-46.0
12876,88,0.0,-28.0,-53.0
12876,89,-1.0,-23.0,-55.0
12876,90,-7.0,-33.0,-38.0
12876,91,-4.0,-24.0,-42.0
12876,92,-2.0,-30.0,-39.0
12876,93,-7.0,-23.0,-33.0
12876,94,-11.0,-35.0,-28.0
12876,95,-10.0,-30.0,-22.0
12876,96,-6.0,-19.0,-28.0
12876,97,-9.0,-26.0,-25.0
12876,98,-5.0,-27.0,-24.0
12876,99,-1.0,-20.0,5.0
12876,100,1.0,-20.0,4.0
12876,101,-26.0,-20.0,0.0
12876,102,-11.0,-9.0,-14.0
12876,103,-13.0,-9.0,-5.0
12876,104,-13.0,-9.0,-1.0
12876,105,-6.0,-9.0,3.0
12876,106,-13.0,-9.0,-10.0
12876,107,-6.0,-9.0,-12.0
12876,108,-7.0,-9.0,-14.0
12876,109,-18.0,-9.0,10.0
12876,110,-12.0,-9.0,8.0
12876,111,-25.0,-9.0,-1.0
12876,112,-25.0,-9.0,3.0
12876,113,-28.0,-9.0,7.0
12876,114,-10.0,4.0,-16.0
12876,115,-16.0,4.0,-12.0
12876,116,-5.0,5.0,11.0
12876,117,-36.0,3.0,1.0
12876,118,-8.0,4.0,-11.0
12876,119,-30.0,-35.0,-2.0
12876,120,-31.0,-35.0,5.0
12876,121,-18.0,-35.0,5.0
12876,122,-38.0,-35.0,7.0
12876,123,-32.0,-35.0,1.0
12876,124,-33.0,-35.0,2.0
12876,125,-39.0,-35.0,-3.0
12876,126,-21.0,-9.0,-12.0
12876,127,-27.0,-9.0,-17.0
12876,128,-25.0,-9.0,-15.0
12876,129,-37.0,-9.0,-10.0
12876,130,-19.0,-20.0,-5.0
12876,131,-29.0,-20.0,-7.0
12876,132,-25.0,-20.0,-12.0
12876,133,-36.0,-20.0,-11.0
12876,134,-30.0,-20.0,-14.0
12876,135,-32.0,-20.0,-12.0
12876,136,-36.0,-20.0,-15.0
12876,137,-38.0,-9.0,8.0
12876,138,-7.0,-35.0,-19.0
12876,139,-7.0,-56.0,-20.0
12876,140,-19.0,-49.0,-32.0
12876,141,-19.0,-20.0,1.0
12876,142,-18.0,-20.0,9.0
12876,143,-1.0,-20.0,0.0
12876,144,-8.0,-20.0,-2.0
12876,145,-27.0,-20.0,0.0
12876,146,-26.0,-20.0,9.0
12876,147,-11.0,-20.0,4.0
12876,148,-9.0,-20.0,10.0
12876,149,-24.0,-20.0,5.0
12876,150,-5.0,-20.0,7.0
12876,151,-10.0,-20.0,13.0
12876,152,-24.0,-20.0,21.0
12876,153,-13.0,-9.0,-13.0
12876,154,-6.0,-9.0,-13.0
12876,155,-6.0,-9.0,-10.0
12876,156,-9.0,-9.0,-13.0
12876,157,-7.0,-9.0,-13.0
12876,158,-6.0,-9.0,-14.0
12876,159,-6.0,-9.0,11.0
12876,160,-11.0,-9.0,-9.0
12876,161,-9.0,-9.0,-15.0
12876,162,-5.0,-9.0,-12.0
12876,163,-2.0,-9.0,4.0
12876,164,-5.0,-9.0,11.0
12876,165,-6.0,4.0,-15.0
12876,166,-4.0,4.0,-10.0
12876,167,-3.0,5.0,-5.0
12876,168,-10.0,4.0,-9.0
12876,169,-5.0,5.0,-7.0
12876,170,-6.0,5.0,1.0
12876,171,-4.0,5.0,11.0
12876,172,-18.0,4.0,-13.0
12876,173,-35.0,3.0,1.0
12876,174,-13.0,4.0,-10.0
12876,175,-17.0,-35.0,5.0
12876,176,-33.0,-35.0,7.0
12876,177,-17.0,-35.0,0.0
12876,178,-29.0,-35.0,-2.0
12876,179,-16.0,-35.0,1.0
12876,180,-32.0,-35.0,3.0
12876,181,-29.0,-35.0,8.0
12876,182,-25.0,-35.0,0.0
12876,183,-27.0,-9.0,-24.0
12876,184,-26.0,-9.0,-24.0
12876,185,-18.0,-9.0,-26.0
12876,186,-28.0,-9.0,-8.0
12876,187,-27.0,-9.0,-8.0
12876,188,-26.0,-9.0,-17.0
12876,189,-24.0,-9.0,-8.0
12876,190,-25.0,-9.0,-11.0
12876,191,-24.0,-20.0,-12.0
12876,192,-18.0,-20.0,-9.0
12876,193,-29.0,-20.0,-12.0
12876,194,-27.0,-20.0,-20.0
12876,195,-39.0,-19.0,3.0
12876,196,-34.0,-19.0,7.0
12876,197,-30.0,-35.0,4.0
12876,198,-38.0,-35.0,4.0
12876,199,-40.0,-35.0,0.0
12876,200,-6.0,-62.0,-5.0
12876,201,-7.0,-82.0,-36.0
12876,202,-7.0,-81.0,-27.0
12876,203,-8.0,-48.0,-43.0
12876,204,-8.0,-70.0,-52.0
12876,205,-20.0,-75.0,-56.0
12876,206,-20.0,-71.0,-57.0
12876,207,-19.0,-76.0,-23.0
12876,208,-19.0,-75.0,-22.0
12876,209,-20.0,-45.0,-41.0
12876,210,-37.0,-35.0,-9.0
12876,211,-16.0,-9.0,-32.0
12876,212,-15.0,-9.0,-31.0
12876,213,-17.0,-34.0,44.0
12876,214,0.0,-34.0,52.0
12876,215,-26.0,-20.0,-33.0
12876,216,-63.0,-35.0,22.0
12876,217,-61.0,-19.0,-7.0
12876,218,-68.0,-8.0,20.0
12876,219,-43.0,-8.0,20.0
12876,220,-6.0,16.0,-3.0
12876,221,-6.0,28.0,4.0
12876,222,-5.0,31.0,-22.0
12876,223,-17.0,30.0,3.0
12876,224,-7.0,30.0,-17.0
12876,225,-32.0,-47.0,47.0
12876,226,-25.0,-46.0,52.0
12876,227,-40.0,-35.0,50.0
12876,228,-38.0,-35.0,68.0
12876,229,-54.0,-36.0,-27.0
12876,230,-50.0,-19.0,-34.0
12876,231,-55.0,-20.0,59.0
12876,232,-36.0,-20.0,45.0
12876,233,-2.0,-9.0,29.0
12876,234,-2.0,-9.0,25.0
12876,235,-12.0,-9.0,32.0
12876,236,-11.0,-9.0,32.0
12876,237,-64.0,-8.0,-16.0
12876,238,-49.0,3.0,-36.0
12876,239,-54.0,3.0,-30.0
12876,240,-38.0,-9.0,70.0
12876,241,-58.0,-57.0,-1.0
12876,242,-56.0,-57.0,0.0
12876,243,-2.0,-55.0,18.0
12876,244,-11.0,-55.0,34.0
12876,245,-31.0,-56.0,-6.0
12876,246,-14.0,-55.0,17.0
12876,247,-55.0,-57.0,29.0
12876,248,-22.0,-69.0,63.0
12876,249,-52.0,-70.0,24.0
12876,250,-50.0,-71.0,-13.0
12876,251,-3.0,4.0,61.0
12876,252,-38.0,4.0,54.0
12876,253,-3.0,5.0,25.0
12876,254,-8.0,5.0,34.0
12876,255,-44.0,3.0,3.0
12876,256,-59.0,5.0,42.0
12876,257,-50.0,30.0,37.0
12876,258,-41.0,29.0,52.0
12876,259,-9.0,32.0,-28.0
12876,260,-8.0,32.0,-25.0
12876,261,-24.0,44.0,51.0
12876,262,-6.0,47.0,-27.0
12876,263,-5.0,46.0,-18.0
12876,264,-4.0,46.0,-18.0
12876,265,-26.0,47.0,-16.0
12876,266,-22.0,47.0,-17.0
12876,267,-40.0,47.0,-4.0
12876,268,-3.0,28.0,35.0
12876,269,-4.0,28.0,47.0
12876,270,-55.0,32.0,10.0
12876,271,-5.0,44.0,54.0
12876,272,-5.0,45.0,-1.0
12876,273,-59.0,-47.0,28.0
12876,274,-9.0,-46.0,10.0
12876,275,-52.0,-71.0,-11.0
12876,276,-54.0,-46.0,-30.0
12876,277,-63.0,-36.0,-20.0
12876,278,-58.0,-36.0,4.0
12876,279,-57.0,-19.0,13.0
12876,280,-62.0,-19.0,-12.0
12876,281,-12.0,17.0,9.0
12876,282,-42.0,-20.0,51.0
12876,283,-34.0,-20.0,66.0
12876,284,-46.0,3.0,-17.0
12876,285,-9.0,-55.0,66.0
12876,286,-26.0,-55.0,9.0
12876,287,-51.0,-56.0,-14.0
12876,288,-52.0,-56.0,-10.0
12876,289,-61.0,-71.0,-3.0
12876,290,-47.0,-70.0,24.0
12876,291,-43.0,3.0,10.0
12876,292,-45.0,3.0,8.0
12876,293,-26.0,17.0,59.0
12876,294,-41.0,45.0,40.0
12876,295,-41.0,47.0,-17.0
12876,296,-48.0,46.0,13.0
12876,297,-23.0,29.0,46.0
12876,298,-3.0,28.0,47.0
12876,299,-50.0,33.0,-10.0
12876,300,-6.0,-68.0,-11.0
12876,301,-6.0,-69.0,-13.0
12876,302,-6.0,-61.0,-3.0
12876,303,-7.0,-86.0,-38.0
12876,304,-7.0,-77.0,-31.0
12876,305,-8.0,-55.0,-62.0
12876,306,-8.0,-71.0,-45.0
12876,307,-8.0,-48.0,-44.0
12876,308,-8.0,-57.0,-60.0
12876,309,-8.0,-69.0,-53.0
12876,310,-8.0,-70.0,-48.0
12876,311,-6.0,-48.0,3.0
12876,312,-6.0,-39.0,2.0
12876,313,-6.0,-45.0,3.0
12876,314,-6.0,-41.0,3.0
12876,315,-20.0,-68.0,-59.0
12876,316,-20.0,-87.0,-44.0
12876,317,-20.0,-73.0,-56.0
12876,318,-20.0,-86.0,-46.0
12876,319,-18.0,-48.0,-14.0
12876,320,-18.0,-36.0,-15.0
12876,321,-18.0,-29.0,-19.0
12876,322,-18.0,-46.0,-13.0
12876,323,-18.0,-35.0,-15.0
12876,324,-18.0,-27.0,-21.0
12876,325,-19.0,-81.0,-25.0
12876,326,-20.0,-83.0,-26.0
12876,327,-20.0,-46.0,-43.0
12876,328,-20.0,-33.0,-50.0
12876,329,-20.0,-33.0,-48.0
12876,330,-32.0,-9.0,10.0
12876,331,-21.0,-9.0,21.0
12876,332,-6.0,5.0,17.0
12876,333,-16.0,5.0,-3.0
12876,334,-22.0,4.0,2.0
12876,335,-30.0,4.0,6.0
12876,336,-14.0,5.0,16.0
12876,337,-18.0,-35.0,-3.0
12876,338,-32.0,-36.0,-14.0
12876,339,-12.0,-34.0,15.0
12876,340,-2.0,-34.0,25.0
12876,341,-35.0,-20.0,-24.0
12876,342,-29.0,-20.0,-35.0
12876,343,-37.0,-20.0,-23.0
12876,344,-41.0,-19.0,3.0
12876,345,-41.0,-19.0,8.0
12876,346,-26.0,-45.0,-2.0
12876,347,-40.0,-46.0,-5.0
12876,348,-25.0,-45.0,-4.0
12876,349,-63.0,-46.0,13.0
12876,350,-61.0,-36.0,-14.0
12876,351,-3.0,16.0,-5.0
12876,352,-55.0,-47.0,29.0
12876,353,-2.0,-46.0,37.0
12876,354,-54.0,-20.0,59.0
12876,355,-33.0,-20.0,66.0
12876,356,-24.0,-55.0,8.0
12876,357,-2.0,5.0,25.0
12876,358,-7.0,5.0,34.0
12876,359,-45.0,5.0,31.0
12876,360,-45.0,16.0,-40.0
12876,361,-10.0,32.0,-24.0
12876,362,-4.0,47.0,-29.0
14380,0,-13.0,3.0,1.0
14380,1,-53.0,-6.0,-3.0
14380,2,-16.0,-33.0,-18.0
14380,3,-17.0,4.0,-34.0
14380,4,-23.0,-26.0,-18.0
14380,5,-24.0,4.0,-42.0
14380,6,-7.0,-67.0,1.0
14380,7,-29.0,26.0,47.0
14380,8,-26.0,4.0,-45.0
14380,9,-35.0,-7.0,-39.0
14380,10,-13.0,-7.0,-26.0
14380,11,-30.0,-57.0,-20.0
14380,12,-10.0,14.0,9.0
14380,13,-5.0,33.0,-28.0
14380,14,-40.0,-6.0,9.0
14380,15,-3.0,-80.0,10.0
14380,16,-16.0,-34.0,-17.0
14380,17,-16.0,-79.0,-27.0
14380,18,-5.0,-64.0,-3.0
14380,19,-16.0,-87.0,-30.0
14380,20,-6.0,-43.0,-50.0
14380,21,-11.0,-36.0,-51.0
14380,22,-6.0,-49.0,-62.0
14380,23,-3.0,-45.0,-63.0
14380,24,1.0,-45.0,-63.0
14380,25,-5.0,-41.0,-61.0
14380,26,-2.0,-33.0,-60.0
14380,27,-7.0,-39.0,-57.0
14380,28,-7.0,-35.0,-57.0
14380,29,-4.0,-36.0,-57.0
14380,30,-3.0,-34.0,-57.0
14380,31,-5.0,-41.0,-57.0
14380,32,-1.0,-39.0,-57.0
14380,33,-5.0,-43.0,-53.0
14380,34,0.0,-43.0,-53.0
14380,35,-6.0,-40.0,-53.0
14380,36,-1.0,-43.0,-53.0
14380,37,-3.0,-43.0,-53.0
14380,38,-3.0,-36.0,-54.0
14380,39,-1.0,-48.0,-52.0
14380,40,-4.0,-46.0,-52.0
14380,41,-4.0,-31.0,-55.0
14380,42,-7.0,-23.0,-33.0
14380,43,-9.0,-35.0,-32.0
14380,44,-2.0,-38.0,-32.0
14380,45,-17.0,4.0,-12.0
14380,46,-8.0,-36.0,-38.0
14380,47,-1.0,-35.0,-38.0
14380,48,0.0,-35.0,-47.0
14380,49,-1.0,-31.0,-48.0
14380,50,-2.0,-27.0,-50.0
14380,51,-6.0,-40.0,-41.0
14380,52,-2.0,-36.0,-42.0
14380,53,-2.0,-31.0,-43.0
14380,54,-6.0,-39.0,-41.0
14380,55,-5.0,-39.0,-41.0
14380,56,-9.0,-27.0,-31.0
14380,57,-7.0,-23.0,-23.0
14380,58,-2.0,-35.0,-22.0
14380,59,-9.0,-37.0,-21.0
14380,60,-4.0,-30.0,-18.0
14380,61,-5.0,-36.0,-17.0
14380,62,-9.0,-7.0,-2.0
14380,63,-26.0,-26.0,-5.0
14380,64,-38.0,-26.0,-2.0
14380,65,-36.0,-26.0,-5.0
14380,66,-30.0,-26.0,-9.0
14380,67,-35.0,-26.0,-7.0
14380,68,-25.0,-26.0,-5.0
14380,69,-29.0,-26.0,-9.0
14380,70,-12.0,-26.0,5.0
14380,71,-9.0,-26.0,4.0
14380,72,-14.0,-26.0,8.0
14380,73,-21.0,-26.0,10.0
14380,74,-17.0,-26.0,10.0
14380,75,-10.0,-26.0,14.0
14380,76,-31.0,-27.0,7.0
14380,77,-8.0,-26.0,4.0
14380,78,-19.0,-26.0,-2.0
14380,79,-13.0,-18.0,-10.0
14380,80,-7.0,-18.0,-9.0
14380,81,-2.0,-18.0,-8.0
14380,82,-16.0,-18.0,-2.0
14380,83,-16.0,-18.0,-3.0
14380,84,-20.0,-18.0,11.0
14380,85,-8.0,-18.0,4.0
14380,86,-14.0,-18.0,20.0
14380,87,-7.0,-18.0,13.0
14380,88,-22.0,-18.0,-3.0
14380,89,-31.0,-18.0,1.0
14380,90,-28.0,-38.0,7.0
14380,91,-13.0,-38.0,-3.0
14380,92,-18.0,-38.0,4.0
14380,93,-24.0,-38.0,5.0
14380,94,-23.0,-38.0,4.0
14380,95,-33.0,-38.0,11.0
14380,96,-23.0,-38.0,5.0
14380,97,-17.0,-38.0,4.0
14380,98,-13.0,-47.0,61.0
14380,99,-2.0,-47.0,33.0
14380,100,-40.0,-48.0,52.0
14380,101,-41.0,-48.0,55.0
14380,102,-3.0,-68.0,58.0
14380,103,-20.0,-69.0,36.0
14380,104,-18.0,-68.0,70.0
14380,105,-41.0,-70.0,52.0
14380,106,-6.0,-67.0,3.0
14380,107,-17.0,-67.0,-2.0
14380,108,-36.0,-69.0,-7.0
14380,109,-6.0,-81.0,55.0
14380,110,-29.0,-82.0,-17.0
14380,111,-8.0,-80.0,-15.0
14380,112,-1.0,-93.0,-7.0
14380,113,-21.0,-91.0,30.0
14380,114,-9.0,-58.0,48.0
14380,115,-19.0,-59.0,3.0
14380,116,-3.0,-58.0,12.0
14380,117,-57.0,-60.0,28.0
14380,118,-62.0,-60.0,24.0
14380,119,-58.0,-61.0,41.0
14380,120,-59.0,-59.0,1.0
14380,121,-66.0,-48.0,-4.0
14380,122,-7.0,-18.0,46.0
14380,123,-7.0,-18.0,50.0
14380,124,-30.0,5.0,56.0
14380,125,-5.0,-38.0,35.0
14380,126,-2.0,-38.0,52.0
14380,127,-29.0,-38.0,-19.0
14380,128,-53.0,-38.0,-25.0
14380,129,-69.0,-38.0,-18.0
14380,130,-35.0,-26.0,-21.0
14380,131,-46.0,-26.0,-24.0
14380,132,-60.0,-26.0,-28.0
14380,133,-59.0,-26.0,-37.0
14380,134,-63.0,-26.0,-27.0
14380,135,-50.0,-18.0,52.0
14380,136,-49.0,-18.0,52.0
14380,137,-43.0,-17.0,67.0
14380,138,-64.0,-18.0,41.0
14380,139,-65.0,-18.0,-32.0
14380,140,-63.0,-18.0,-25.0
14380,141,-22.0,-5.0,53.0
14380,142,-68.0,-6.0,28.0
14380,143,-61.0,-6.0,40.0
14380,144,-51.0,-6.0,-10.0
14380,145,-28.0,-7.0,-42.0
14380,146,-43.0,-7.0,-47.0
14380,147,-54.0,-6.0,-37.0
14380,148,-58.0,5.0,-8.0
14380,149,-60.0,5.0,-6.0
14380,150,-59.0,5.0,-6.0
14380,151,-57.0,5.0,-23.0
14380,152,-41.0,5.0,-41.0
14380,153,-23.0,3.0,12.0
14380,154,-13.0,3.0,20.0
14380,155,-8.0,3.0,38.0
14380,156,-21.0,14.0,3.0
14380,157,-53.0,14.0,-11.0
14380,158,-25.0,13.0,-37.0
14380,159,-13.0,14.0,16.0
14380,160,-28.0,27.0,54.0
14380,161,-21.0,23.0,-28.0
14380,162,-25.0,23.0,-17.0
14380,163,-12.0,36.0,54.0
14380,164,-6.0,33.0,-17.0
14380,165,-8.0,33.0,-28.0
14380,166,-34.0,34.0,-15.0
14380,167,-44.0,48.0,3.0
14380,168,-32.0,47.0,-22.0
14380,169,-42.0,47.0,-17.0
14380,170,-43.0,47.0,-12.0
14380,171,-20.0,56.0,27.0
14380,172,-16.0,53.0,-24.0
14380,173,-29.0,53.0,-19.0
14380,174,-20.0,24.0,4.0
14380,175,-17.0,24.0,7.0
14380,176,-3.0,3.0,-8.0
14380,177,-6.0,4.0,-12.0
14380,178,-7.0,3.0,-6.0
14380,179,-2.0,3.0,-2.0
14380,180,-3.0,3.0,-2.0
14380,181,-16.0,4.0,-16.0
14380,182,-22.0,4.0,-18.0
14380,183,-31.0,4.0,-19.0
14380,184,-32.0,4.0,-3.0
14380,185,-5.0,3.0,5.0
14380,186,-4.0,3.0,-6.0
14380,187,-3.0,3.0,9.0
14380,188,-11.0,3.0,-8.0
14380,189,8.0,-49.0,-32.0
14380,190,-5.0,-55.0,-32.0
14380,191,-5.0,-55.0,-27.0
14380,192,-16.0,-55.0,-34.0
14380,193,-28.0,-18.0,-16.0
14380,194,-33.0,-18.0,-14.0
14380,195,-35.0,-18.0,-3.0
14380,196,-33.0,-18.0,-6.0
14380,197,-34.0,-18.0,-12.0
14380,198,-35.0,-18.0,-17.0
14380,199,-13.0,-7.0,-9.0
14380,200,-14.0,-7.0,-3.0
14380,201,-14.0,-7.0,2.0
14380,202,-11.0,-7.0,-9.0
14380,203,-12.0,-7.0,-6.0
14380,204,-10.0,-7.0,-4.0
14380,205,-7.0,-7.0,-7.0
14380,206,-10.0,-7.0,-10.0
14380,207,-8.0,-7.0,2.0
14380,208,-9.0,-7.0,-10.0
14380,209,-10.0,-7.0,-1.0
14380,210,-14.0,-7.0,-6.0
14380,211,-11.0,-7.0,-6.0
14380,212,-13.0,-7.0,-6.0
14380,213,-9.0,-7.0,-4.0
14380,214,-9.0,-7.0,4.0
14380,215,-4.0,-7.0,14.0
14380,216,-7.0,-6.0,19.0
14380,217,-37.0,-6.0,2.0
14380,218,-4.0,-6.0,17.0
14380,219,-23.0,-47.0,8.0
14380,220,-20.0,-47.0,8.0
14380,221,-36.0,-18.0,1.0
14380,222,-19.0,-7.0,-13.0
14380,223,-27.0,-7.0,-8.0
14380,224,-25.0,-7.0,-22.0
14380,225,-22.0,-7.0,-8.0
14380,226,-24.0,-7.0,-12.0
14380,227,-25.0,-7.0,-16.0
14380,228,-37.0,-7.0,-10.0
14380,229,-28.0,-7.0,-5.0
14380,230,-6.0,3.0,10.0
14380,231,-10.0,14.0,-6.0
14380,232,-21.0,-47.0,74.0
14380,233,-3.0,-47.0,20.0
14380,234,-17.0,-68.0,46.0
14380,235,-22.0,-67.0,16.0
14380,236,-62.0,-70.0,-11.0
14380,237,-15.0,-80.0,-16.0
14380,238,-50.0,-83.0,10.0
14380,239,-2.0,-92.0,4.0
14380,240,-4.0,-93.0,7.0
14380,241,-3.0,-93.0,-19.0
14380,242,-32.0,-91.0,6.0
14380,243,-35.0,-92.0,9.0
14380,244,-21.0,-99.0,6.0
14380,245,-17.0,-99.0,-3.0
14380,246,-6.0,-99.0,-17.0
14380,247,-17.0,-58.0,68.0
14380,248,-43.0,-60.0,41.0
14380,249,-40.0,-59.0,43.0
14380,250,-11.0,-59.0,-3.0
14380,251,-56.0,-59.0,14.0
14380,252,-51.0,-59.0,-24.0
14380,253,-35.0,-59.0,-5.0
14380,254,-59.0,-59.0,-24.0
14380,255,-68.0,-49.0,33.0
14380,256,-50.0,-49.0,33.0
14380,257,-48.0,-47.0,-14.0
14380,258,-65.0,-48.0,-6.0
14380,259,-67.0,-48.0,4.0
14380,260,-6.0,-18.0,30.0
14380,261,-8.0,-17.0,74.0
14380,262,-61.0,-38.0,12.0
14380,263,-73.0,-38.0,14.0
14380,264,-70.0,-38.0,32.0
14380,265,-48.0,-38.0,-22.0
14380,266,-64.0,-38.0,0.0
14380,267,-13.0,-27.0,72.0
14380,268,-4.0,-26.0,35.0
14380,269,-4.0,-26.0,32.0
14380,270,-8.0,-26.0,43.0
14380,271,-9.0,-26.0,46.0
14380,272,-41.0,-26.0,-17.0
14380,273,-56.0,-26.0,-6.0
14380,274,-40.0,-18.0,-26.0
14380,275,-44.0,-18.0,-26.0
14380,276,-61.0,-18.0,-20.0
14380,277,-5.0,-5.0,73.0
14380,278,-9.0,-6.0,46.0
14380,279,-50.0,-6.0,30.0
14380,280,-43.0,-6.0,61.0
14380,281,-27.0,-7.0,-42.0
14380,282,-30.0,-7.0,-38.0
14380,283,-28.0,-7.0,-47.0
14380,284,-39.0,-7.0,-40.0
14380,285,-66.0,5.0,-10.0
14380,286,-62.0,6.0,1.0
14380,287,-43.0,5.0,-31.0
14380,288,-4.0,3.0,32.0
14380,289,-29.0,15.0,66.0
14380,290,-11.0,15.0,71.0
14380,291,-1.0,14.0,-11.0
14380,292,-3.0,25.0,26.0
14380,293,-3.0,26.0,44.0
14380,294,-36.0,15.0,37.0
14380,295,-35.0,15.0,37.0
14380,296,-41.0,14.0,-7.0
14380,297,-56.0,16.0,-5.0
14380,298,-23.0,13.0,-37.0
14380,299,-57.0,25.0,26.0
14380,300,-41.0,23.0,-12.0
14380,301,-5.0,24.0,-6.0
14380,302,-36.0,34.0,-13.0
14380,303,-35.0,34.0,-13.0
14380,304,-52.0,34.0,-9.0
14380,305,-16.0,46.0,-22.0
14380,306,-6.0,46.0,-28.0
14380,307,-31.0,47.0,-22.0
14380,308,-3.0,55.0,6.0
14380,309,-5.0,53.0,-30.0
14380,310,-2.0,53.0,-29.0
14380,311,-1.0,53.0,-29.0
14380,312,-34.0,54.0,-18.0
14380,313,-33.0,54.0,-18.0
14380,314,-8.0,-47.0,45.0
14380,315,-44.0,-48.0,53.0
14380,316,-42.0,-70.0,10.0
14380,317,-57.0,-70.0,19.0
14380,318,-51.0,-69.0,-21.0
14380,319,-3.0,-80.0,48.0
14380,320,-30.0,-81.0,44.0
14380,321,-19.0,-81.0,49.0
14380,322,-22.0,-80.0,18.0
14380,323,-17.0,-81.0,51.0
14380,324,-15.0,-80.0,-18.0
14380,325,-45.0,-83.0,20.0
14380,326,-17.0,-91.0,10.0
14380,327,-22.0,-91.0,13.0
14380,328,-14.0,-99.0,16.0
14380,329,-5.0,-99.0,10.0
14380,330,-28.0,-99.0,-7.0
14380,331,-7.0,-99.0,-2.0
14380,332,-7.0,-99.0,2.0
14380,333,-8.0,-58.0,48.0
14380,334,-22.0,-59.0,2.0
14380,335,-60.0,-59.0,4.0
14380,336,-53.0,-49.0,30.0
14380,337,-64.0,-48.0,-25.0
14380,338,-51.0,-47.0,-16.0
14380,339,-1.0,4.0,55.0
14380,340,-21.0,-38.0,73.0
14380,341,-6.0,-38.0,25.0
14380,342,-46.0,-38.0,60.0
14380,343,-51.0,-38.0,39.0
14380,344,-57.0,-38.0,-32.0
14380,345,-60.0,-38.0,-24.0
14380,346,-63.0,-38.0,-3.0
14380,347,-3.0,-26.0,71.0
14380,348,-52.0,-27.0,62.0
14380,349,-69.0,-26.0,-10.0
14380,350,-46.0,-17.0,54.0
14380,351,-30.0,-17.0,77.0
14380,352,-33.0,-18.0,-36.0
14380,353,-27.0,-5.0,54.0
14380,354,-4.0,-6.0,33.0
14380,355,-59.0,-6.0,24.0
14380,356,-42.0,-6.0,-11.0
14380,357,-66.0,-6.0,-13.0
14380,358,-67.0,-6.0,10.0
14380,359,-26.0,-7.0,-36.0
14380,360,-65.0,6.0,19.0
14380,361,-41.0,5.0,-17.0
14380,362,-46.0,6.0,0.0
14380,363,-50.0,5.0,-44.0
14380,364,-22.0,3.0,12.0
14380,365,-3.0,14.0,-7.0
14380,366,-3.0,25.0,28.0
14380,367,-2.0,25.0,28.0
14380,368,-5.0,27.0,62.0
14380,369,-51.0,16.0,33.0
14380,370,-30.0,13.0,-39.0
14380,371,-52.0,13.0,-35.0
14380,372,-8.0,14.0,22.0
14380,373,-5.0,14.0,31.0
14380,374,-7.0,15.0,39.0
14380,375,-59.0,26.0,15.0
14380,376,1.0,23.0,-27.0
14380,377,-13.0,36.0,55.0
14380,378,-3.0,35.0,35.0
14380,379,-50.0,35.0,15.0
14380,380,-6.0,34.0,-4.0
14380,381,-22.0,33.0,-23.0
14380,382,-23.0,48.0,29.0
14380,383,-23.0,48.0,32.0
14380,384,-5.0,46.0,-17.0
14380,385,-7.0,46.0,-13.0
14380,386,-3.0,46.0,-28.0
14380,387,-23.0,56.0,23.0
14380,388,-32.0,55.0,9.0
14380,389,-24.0,3.0,1.0
14380,390,-5.0,-49.0,-1.0
14380,391,-5.0,-43.0,-15.0
14380,392,-5.0,-49.0,-3.0
14380,393,-5.0,-42.0,-17.0
14380,394,-5.0,-65.0,-3.0
14380,395,-5.0,-76.0,-51.0
14380,396,-5.0,-87.0,-41.0
14380,397,-5.0,-85.0,-31.0
14380,398,-5.0,-83.0,-26.0
14380,399,-5.0,-77.0,-51.0
14380,400,-5.0,-87.0,-39.0
14380,401,-5.0,-85.0,-29.0
14380,402,-5.0,-82.0,-24.0
14380,403,-16.0,-46.0,-13.0
14380,404,-16.0,-44.0,-14.0
14380,405,-16.0,-65.0,-59.0
14380,406,-16.0,-72.0,-57.0
14380,407,-16.0,-91.0,-42.0
14380,408,-16.0,-88.0,-31.0
14380,409,-16.0,-64.0,-59.0
14380,410,-16.0,-71.0,-57.0
14380,411,-16.0,-90.0,-41.0
14380,412,-16.0,-35.0,-42.0
14380,413,-16.0,-51.0,-44.0
14380,414,-16.0,-51.0,-42.0
14380,415,-16.0,-54.0,-59.0
14380,416,-30.0,-58.0,-19.0
14380,417,-30.0,-29.0,-31.0
14380,418,-30.0,-28.0,-34.0
14380,419,-30.0,-65.0,-59.0
14380,420,-30.0,-70.0,-57.0
14380,421,-30.0,-85.0,-43.0
14380,422,-30.0,-86.0,-38.0
14380,423,-29.0,-86.0,-38.0
14380,424,-30.0,-64.0,-59.0
14380,425,-30.0,-69.0,-58.0
14380,426,-30.0,-84.0,-45.0
14380,427,-30.0,-85.0,-38.0
14380,428,-21.0,-18.0,-25.0
14380,429,-54.0,-26.0,16.0
14380,430,-68.0,-26.0,9.0
14380,431,-74.0,-26.0,6.0
14380,432,-66.0,-26.0,14.0
14380,433,-72.0,-26.0,27.0
14380,434,-68.0,-26.0,38.0
14380,435,-22.0,-26.0,-16.0
14380,436,-32.0,-7.0,3.0
14380,437,-18.0,-6.0,22.0
14380,438,-5.0,-80.0,8.0
14380,439,-3.0,-80.0,22.0
14380,440,-17.0,-47.0,1.0
14380,441,-30.0,-47.0,-8.0
14380,442,-30.0,-47.0,-13.0
14380,443,-28.0,-38.0,-9.0
14380,444,-14.0,-38.0,-3.0
14380,445,-30.0,-38.0,-13.0
14380,446,-42.0,-19.0,-4.0
14380,447,-49.0,-19.0,-3.0
14380,448,-61.0,-19.0,-1.0
14380,449,-14.0,-7.0,-29.0
14380,450,-43.0,-48.0,53.0
14380,451,0.0,4.0,55.0
14380,452,-49.0,-6.0,30.0
14380,453,-38.0,-7.0,-40.0
14380,454,-19.0,56.0,27.0
14380,455,-7.0,-37.0,-51.0
14380,456,-5.0,-42.0,-50.0
14380,457,-6.0,-39.0,-50.0
14380,458,0.0,-40.0,-50.0
14380,459,-2.0,-40.0,-50.0
14380,460,-3.0,-38.0,-51.0
14380,461,-3.0,-29.0,-52.0
14380,462,-7.0,-39.0,-32.0
14380,463,-8.0,-41.0,-32.0
14380,464,-2.0,-35.0,-38.0
14380,465,-7.0,-34.0,-38.0
14380,466,-3.0,-37.0,-38.0
14380,467,-8.0,-35.0,-38.0
14380,468,-6.0,-24.0,-38.0
14380,469,-10.0,-35.0,-38.0
14380,470,-6.0,-32.0,-38.0
14380,471,-6.0,-36.0,-38.0
14380,472,-7.0,-46.0,-44.0
14380,473,-7.0,-43.0,-45.0
14380,474,-3.0,-42.0,-45.0
14380,475,-7.0,-36.0,-47.0
14380,476,0.0,-37.0,-42.0
14380,477,-5.0,-42.0,-41.0
14380,478,-2.0,-38.0,-42.0
14380,479,-5.0,-23.0,-43.0
14380,480,-6.0,-37.0,-42.0
14380,481,2.0,-40.0,-41.0
14380,482,-4.0,-30.0,-31.0
14380,483,-5.0,-35.0,-30.0
14380,484,-5.0,-38.0,-21.0
14380,485,-4.0,-31.0,-22.0
14380,486,-3.0,-30.0,-22.0
14380,487,-2.0,-31.0,-22.0
14380,488,-5.0,-39.0,-21.0
14380,489,-4.0,-40.0,-16.0
14380,490,-5.0,-21.0,-20.0
14380,491,0.0,-36.0,-16.0
14380,492,-2.0,-29.0,-19.0
14380,493,-1.0,-30.0,-18.0
14380,494,-28.0,-18.0,-17.0
14380,495,-25.0,-18.0,-17.0
14380,496,-24.0,-18.0,-20.0
14380,497,-8.0,-7.0,9.0
14380,498,-9.0,-7.0,5.0
14380,499,-26.0,-26.0,-2.0
14380,500,-18.0,-26.0,-2.0
14380,501,-23.0,-26.0,12.0
14380,502,-9.0,-26.0,19.0
14380,503,-14.0,-26.0,7.0
14380,504,-37.0,-27.0,11.0
14380,505,-22.0,-26.0,22.0
14380,506,-31.0,-26.0,-3.0
14380,507,-41.0,-26.0,1.0
14380,508,-30.0,-26.0,-10.0
14380,509,-31.0,-26.0,-8.0
14380,510,-33.0,-26.0,-12.0
14380,511,-23.0,-26.0,-10.0
14380,512,-2.0,-18.0,-4.0
14380,513,-2.0,-18.0,-3.0
14380,514,-1.0,-18.0,-7.0
14380,515,-10.0,-18.0,-10.0
14380,516,-11.0,-18.0,24.0
14380,517,-10.0,-18.0,24.0
14380,518,-14.0,-18.0,-7.0
14380,519,-12.0,-18.0,17.0
14380,520,-16.0,-18.0,7.0
14380,521,-19.0,-18.0,23.0
14380,522,-35.0,-38.0,9.0
14380,523,-25.0,-38.0,5.0
14380,524,-29.0,-38.0,8.0
14380,525,-28.0,-38.0,1.0
14380,526,-19.0,-38.0,1.0
14380,527,-19.0,-7.0,-8.0
14380,528,-32.0,-7.0,-4.0
15496,0,-50.0,-80.0,21.0
15496,1,-18.0,-53.0,-2.0
15496,2,-47.0,-27.0,50.0
15496,3,-68.0,-28.0,30.0
15496,4,-58.0,-28.0,45.0
15496,5,-34.0,-2.0,-38.0
15496,6,-63.0,-3.0,-17.0
15496,7,-4.0,20.0,20.0
15496,8,-52.0,17.0,-13.0
15496,9,-4.0,60.0,-14.0
15496,10,-37.0,59.0,-8.0
15496,11,-9.0,-86.0,-20.0
15496,12,-22.0,-85.0,-16.0
15496,13,-7.0,-85.0,-1.0
15496,14,-7.0,-86.0,10.0
15496,15,-2.0,-75.0,50.0
15496,16,-31.0,-76.0,49.0
15496,17,-10.0,-75.0,2.0
15496,18,-19.0,-75.0,0.0
15496,19,-53.0,-79.0,-7.0
15496,20,-6.0,-64.0,60.0
15496,21,-35.0,-65.0,41.0
15496,22,-24.0,-65.0,32.0
15496,23,-19.0,-62.0,9.0
15496,24,-5.0,-62.0,19.0
15496,25,-50.0,-66.0,-14.0
15496,26,-41.0,-64.0,-8.0
15496,27,-9.0,-52.0,46.0
15496,28,-16.0,-53.0,-2.0
15496,29,-10.0,-52.0,34.0
15496,30,-58.0,-55.0,23.0
15496,31,-54.0,-55.0,36.0
15496,32,-26.0,-54.0,-8.0
15496,33,-24.0,-54.0,-9.0
15496,34,-59.0,-15.0,-20.0
15496,35,-66.0,-16.0,12.0
15496,36,-29.0,-13.0,68.0
15496,37,-58.0,-14.0,48.0
15496,38,-44.0,-14.0,64.0
15496,39,-64.0,-31.0,-13.0
15496,40,-9.0,-27.0,40.0
15496,41,-14.0,-37.0,71.0
15496,42,-4.0,-36.0,45.0
15496,43,-70.0,-44.0,5.0
15496,44,-64.0,-43.0,20.0
15496,45,-39.0,-41.0,-18.0
15496,46,-48.0,-42.0,-20.0
15496,47,-66.0,-43.0,-8.0
15496,48,-65.0,-43.0,-22.0
15496,49,-66.0,-44.0,-2.0
15496,50,-2.0,1.0,44.0
15496,51,-19.0,1.0,54.0
15496,52,-1.0,2.0,70.0
15496,53,-42.0,0.0,54.0
15496,54,-42.0,-1.0,0.0
15496,55,-57.0,-3.0,-14.0
15496,56,-34.0,10.0,5.0
15496,57,-19.0,9.0,6.0
15496,58,-54.0,10.0,-5.0
15496,59,-17.0,19.0,7.0
15496,60,-12.0,19.0,-5.0
15496,61,-16.0,19.0,7.0
15496,62,-4.0,11.0,23.0
15496,63,-3.0,11.0,28.0
15496,64,-19.0,13.0,68.0
15496,65,-58.0,11.0,9.0
15496,66,-54.0,9.0,-31.0
15496,67,-8.0,20.0,29.0
15496,68,-3.0,21.0,63.0
15496,69,-49.0,20.0,30.0
15496,70,-23.0,21.0,50.0
15496,71,-54.0,18.0,13.0
15496,72,-21.0,18.0,-26.0
15496,73,-17.0,18.0,-28.0
15496,74,-51.0,17.0,-27.0
15496,75,-47.0,17.0,-26.0
15496,76,-6.0,35.0,22.0
15496,77,-38.0,37.0,35.0
15496,78,-40.0,39.0,-14.0
15496,79,-51.0,39.0,-14.0
15496,80,-56.0,38.0,1.0
15496,81,-5.0,48.0,32.0
15496,82,-8.0,49.0,36.0
15496,83,-36.0,50.0,25.0
15496,84,-23.0,49.0,38.0
15496,85,-27.0,48.0,-16.0
15496,86,-24.0,48.0,-17.0
15496,87,-4.0,60.0,21.0
15496,88,-13.0,59.0,-28.0
15496,89,-24.0,59.0,-15.0
15496,90,-10.0,37.0,-29.0
15496,91,-10.0,36.0,-24.0
15496,92,-23.0,7.0,-16.0
15496,93,-15.0,9.0,9.0
15496,94,-12.0,-1.0,19.0
15496,95,-24.0,-35.0,-39.0
15496,96,-24.0,-51.0,-65.0
15496,97,-24.0,-45.0,-17.0
15496,98,-24.0,-34.0,-30.0
15496,99,-24.0,-73.0,-58.0
15496,100,-24.0,-77.0,-23.0
15496,101,-24.0,-64.0,-64.0
15496,102,-24.0,-71.0,-59.0
15496,103,-24.0,-88.0,-31.0
15496,104,-24.0,-75.0,-22.0
15496,105,-14.0,-43.0,-60.0
15496,106,-14.0,-62.0,-56.0
15496,107,-14.0,-75.0,-58.0
15496,108,-14.0,-89.0,-45.0
15496,109,-14.0,-85.0,-33.0
15496,110,-14.0,-77.0,-19.0
15496,111,-3.0,-66.0,-41.0
15496,112,-3.0,-70.0,-31.0
15496,113,-3.0,-43.0,-23.0
15496,114,-3.0,-47.0,-29.0
15496,115,-3.0,-65.0,-46.0
15496,116,-3.0,-67.0,-47.0
15496,117,-3.0,-42.0,-22.0
15496,118,-3.0,-82.0,-20.0
15496,119,-3.0,-70.0,-19.0
15496,120,-3.0,-82.0,-22.0
15496,121,-3.0,-50.0,-4.0
15496,122,-3.0,-62.0,2.0
15496,123,-3.0,-49.0,-6.0
15496,124,-3.0,-42.0,-8.0
15496,125,-26.0,-28.0,-24.0
15496,126,-21.0,-27.0,16.0
15496,127,-43.0,-28.0,16.0
15496,128,-28.0,-28.0,-27.0
15496,129,-45.0,-28.0,-20.0
15496,130,-3.0,-94.0,9.0
15496,131,-31.0,-16.0,4.0
15496,132,-23.0,-86.0,19.0
15496,133,-3.0,-75.0,41.0
15496,134,-33.0,-76.0,28.0
15496,135,-21.0,-75.0,51.0
15496,136,-7.0,-75.0,9.0
15496,137,-53.0,-79.0,3.0
15496,138,-43.0,-66.0,49.0
15496,139,-32.0,-51.0,48.0
15496,140,-52.0,-55.0,-16.0
15496,141,-36.0,-15.0,-32.0
15496,142,-59.0,-30.0,3.0
15496,143,-44.0,-29.0,-34.0
15496,144,-2.0,-27.0,24.0
15496,145,-9.0,-27.0,36.0
15496,146,-15.0,-37.0,49.0
15496,147,-3.0,-37.0,61.0
15496,148,-69.0,-41.0,27.0
15496,149,-3.0,0.0,26.0
15496,150,-43.0,-2.0,-45.0
15496,151,-22.0,19.0,-2.0
15496,152,-4.0,36.0,29.0
15496,153,-35.0,37.0,46.0
15496,154,-6.0,47.0,-11.0
15496,155,-35.0,48.0,-13.0
15496,156,-45.0,48.0,-4.0
15496,157,-29.0,9.0,-1.0
15496,158,-22.0,-1.0,-4.0
15496,159,-23.0,-1.0,0.0
15496,160,-29.0,-1.0,2.0
15496,161,-24.0,-34.0,-41.0
15496,162,-24.0,-54.0,-64.0
15496,163,-24.0,-47.0,-17.0
15496,164,-24.0,-34.0,-29.0
15496,165,-24.0,-66.0,-63.0
15496,166,-24.0,-90.0,-41.0
15496,167,-24.0,-89.0,-33.0
15496,168,-24.0,-91.0,-38.0
15496,169,-14.0,-43.0,-57.0
15496,170,-14.0,-68.0,-62.0
15496,171,-14.0,-67.0,-63.0
15496,172,-14.0,-74.0,-58.0
15496,173,-14.0,-59.0,-10.0
15496,174,-14.0,-39.0,-9.0
15496,175,-14.0,-58.0,-9.0
15496,176,-14.0,-38.0,-9.0
15496,177,-14.0,-84.0,-31.0
15496,178,-14.0,-76.0,-19.0
15496,179,-14.0,-88.0,-46.0
15496,180,-3.0,-48.0,-32.0
15496,181,-3.0,-56.0,-42.0
15496,182,-3.0,-68.0,-47.0
15496,183,-3.0,-55.0,-42.0
15496,184,-3.0,-70.0,-34.0
15496,185,-3.0,-76.0,-36.0
15496,186,-3.0,-74.0,-38.0
15496,187,-3.0,-70.0,-21.0
15496,188,-3.0,-68.0,3.0
15496,189,-3.0,-41.0,-10.0
15496,190,-4.0,-41.0,-10.0
15496,191,-40.0,-28.0,-22.0
15496,192,-24.0,-94.0,22.0
15496,193,-6.0,-94.0,5.0
15496,194,-7.0,-94.0,22.0
15496,195,-26.0,-94.0,-16.0
15496,196,-28.0,-94.0,-13.0
15496,197,-36.0,-94.0,-4.0
15496,198,-6.0,-86.0,10.0
15496,199,-37.0,-77.0,28.0
15496,200,-59.0,-67.0,-16.0
15496,201,-23.0,-53.0,2.0
15496,202,-61.0,-55.0,-14.0
15496,203,-39.0,-26.0,54.0
15496,204,-45.0,-16.0,-3.0
15496,205,-8.0,-13.0,44.0
15496,206,-2.0,-13.0,69.0
15496,207,-33.0,-39.0,67.0
15496,208,-6.0,-36.0,23.0
15496,209,-40.0,-42.0,-23.0
15496,210,-66.0,-2.0,11.0
15496,211,-1.0,13.0,70.0
15496,212,-43.0,8.0,-18.0
15496,213,-61.0,17.0,-8.0
15496,214,-9.0,34.0,5.0
15496,215,-4.0,48.0,32.0
15496,216,-34.0,49.0,35.0
15496,217,-5.0,47.0,-11.0
15496,218,-6.0,48.0,-5.0
15496,219,-34.0,48.0,-13.0
15496,220,-8.0,60.0,-4.0
15496,221,-35.0,60.0,12.0
15496,222,-4.0,36.0,-25.0
15496,223,-8.0,0.0,-6.0
15496,224,-11.0,0.0,-6.0
15496,225,-7.0,0.0,-4.0
15496,226,-8.0,0.0,-9.0
15496,227,-9.0,0.0,-9.0
15496,228,-8.0,0.0,-3.0
15496,229,-25.0,5.0,-19.0
15496,230,-18.0,6.0,-16.0
15496,231,-15.0,6.0,-19.0
15496,232,-8.0,7.0,-7.0
15496,233,-2.0,9.0,35.0
15496,234,-1.0,-42.0,-61.0
15496,235,-6.0,-42.0,-61.0
15496,236,-5.0,-43.0,-61.0
15496,237,-4.0,-34.0,-63.0
15496,238,-4.0,-47.0,-59.0
15496,239,-5.0,-47.0,-59.0
15496,240,-6.0,-47.0,-59.0
15496,241,-2.0,-34.0,-60.0
15496,242,-6.0,-41.0,-67.0
15496,243,-3.0,-42.0,-67.0
15496,244,-2.0,-43.0,-66.0
15496,245,-1.0,-44.0,-66.0
15496,246,-9.0,-44.0,-57.0
15496,247,-3.0,-42.0,-58.0
15496,248,-22.0,-39.0,8.0
15496,249,-23.0,-39.0,8.0
15496,250,-35.0,-28.0,-8.0
15496,251,-20.0,-28.0,-20.0
15496,252,-42.0,-28.0,-8.0
15496,253,-6.0,-40.0,-42.0
15496,254,-6.0,-35.0,-51.0
15496,255,-6.0,-39.0,-51.0
15496,256,-4.0,-28.0,-52.0
15496,257,-7.0,-44.0,-56.0
15496,258,-1.0,-36.0,-57.0
15496,259,-6.0,-37.0,-57.0
15496,260,-8.0,-23.0,-16.0
15496,261,-3.0,-39.0,-5.0
15496,262,-18.0,-15.0,-11.0
15496,263,-4.0,-14.0,9.0
15496,264,-22.0,-15.0,19.0
15496,265,-27.0,-16.0,-22.0
15496,266,-18.0,-15.0,-14.0
15496,267,-38.0,-16.0,-9.0
15496,268,-23.0,-15.0,-29.0
15496,269,-28.0,-1.0,-15.0
15496,270,-27.0,-1.0,-21.0
15496,271,-1.0,-33.0,-7.0
15496,272,-9.0,-14.0,1.0
15496,273,-15.0,-15.0,11.0
15496,274,-17.0,-15.0,-3.0
15496,275,-22.0,-16.0,8.0
15496,276,-10.0,-15.0,10.0
15496,277,-17.0,-15.0,2.0
15496,278,-34.0,-15.0,7.0
15496,279,-26.0,-16.0,-22.0
15496,280,-30.0,-1.0,-25.0
15496,281,-26.0,-1.0,-21.0
15496,282,-5.0,0.0,8.0
15496,283,-13.0,0.0,2.0
15496,284,-7.0,0.0,2.0
15496,285,-13.0,0.0,10.0
15496,286,-10.0,0.0,-8.0
15496,287,-21.0,7.0,-14.0
15496,288,-7.0,-43.0,-60.0
15496,289,-6.0,-44.0,-59.0
15496,290,-4.0,-45.0,-59.0
15496,291,-2.0,-41.0,-58.0
15496,292,-3.0,-43.0,-58.0
15496,293,-2.0,-42.0,-58.0
15496,294,-10.0,-24.0,-26.0
15496,295,-3.0,-40.0,-10.0
15496,296,-32.0,-40.0,3.0
15496,297,-16.0,-28.0,-10.0
15496,298,-33.0,-28.0,6.0
15496,299,-34.0,-28.0,-8.0
15496,300,-23.0,-28.0,-4.0
15496,301,-30.0,-28.0,6.0
15496,302,-43.0,-28.0,-5.0
15496,303,-36.0,-28.0,-9.0
15496,304,-40.0,-28.0,-8.0
15496,305,-27.0,-28.0,-15.0
15496,306,-3.0,-36.0,-33.0
15496,307,-10.0,-24.0,-37.0
15496,308,-6.0,-29.0,-45.0
15496,309,-3.0,-38.0,-43.0
15496,310,-1.0,-37.0,-51.0
15496,311,-5.0,-38.0,-51.0
15496,312,-4.0,-34.0,-52.0
15496,313,-8.0,-45.0,-55.0
15496,314,-2.0,-43.0,-56.0
15496,315,-8.0,-20.0,-21.0
15496,316,-5.0,-39.0,-5.0
15496,317,-12.0,0.0,-6.0
15496,318,-10.0,0.0,-9.0
15496,319,-6.0,0.0,14.0
15496,320,-12.0,0.0,-9.0
15496,321,-13.0,0.0,-8.0
15496,322,-10.0,0.0,-11.0
15496,323,-27.0,-1.0,-10.0
15496,324,-3.0,5.0,-6.0
15496,325,-5.0,4.0,-19.0
15496,326,-3.0,-41.0,-61.0
15496,327,-2.0,-43.0,-61.0
15496,328,-5.0,-40.0,-62.0
15496,329,-1.0,-41.0,-61.0
15496,330,-7.0,-47.0,-59.0
15496,331,-2.0,-46.0,-59.0
15496,332,-6.0,-43.0,-66.0
15496,333,-14.0,-61.0,-35.0
15496,334,-14.0,-52.0,-32.0
15496,335,-8.0,-44.0,-57.0
15496,336,-1.0,-42.0,-58.0
15496,337,-2.0,-35.0,-59.0
15496,338,0.0,-37.0,-59.0
15496,339,-4.0,-27.0,-15.0
15496,340,1.0,-34.0,-12.0
15496,341,-6.0,-30.0,-15.0
15496,342,-2.0,-41.0,-9.0
15496,343,-21.0,-39.0,8.0
15496,344,-32.0,-41.0,11.0
15496,345,-15.0,-28.0,-10.0
15496,346,-25.0,-28.0,3.0
15496,347,-32.0,-28.0,10.0
15496,348,-34.0,-28.0,-11.0
15496,349,-34.0,-28.0,-10.0
15496,350,-41.0,-28.0,-14.0
15496,351,-7.0,-40.0,-51.0
15496,352,-4.0,-38.0,-51.0
15496,353,-5.0,-39.0,-51.0
15496,354,-2.0,-37.0,-51.0
15496,355,-7.0,-42.0,-50.0
15496,356,-5.0,-43.0,-50.0
15496,357,-8.0,-43.0,-56.0
15496,358,-6.0,-37.0,-5.0
15496,359,-8.0,-22.0,-18.0
15496,360,-2.0,-14.0,-5.0
15496,361,-15.0,-15.0,-4.0
15496,362,-3.0,-14.0,17.0
15496,363,-19.0,-15.0,-20.0
15496,364,-40.0,-16.0,-17.0
15496,365,-29.0,-16.0,-17.0
15496,366,-16.0,-1.0,-17.0
15496,367,-10.0,0.0,-12.0
15496,368,-24.0,-1.0,-17.0
15496,369,-39.0,-1.0,-12.0
15496,370,-27.0,8.0,-5.0
15496,371,-17.0,-86.0,37.0
15496,372,-48.0,-85.0,-5.0
15496,373,-18.0,-76.0,39.0
15496,374,-15.0,-75.0,10.0
15496,375,-45.0,-78.0,-11.0
15496,376,-38.0,-77.0,-11.0
15496,377,-12.0,-64.0,68.0
15496,378,-21.0,-63.0,-4.0
15496,379,-22.0,-63.0,-5.0
15496,380,-22.0,-63.0,-3.0
15496,381,-30.0,-63.0,2.0
15496,382,-44.0,-66.0,15.0
15496,383,-52.0,-67.0,-12.0
15496,384,-8.0,-52.0,52.0
15496,385,-5.0,-52.0,68.0
15496,386,-31.0,-51.0,62.0
15496,387,-31.0,-52.0,71.0
15496,388,-22.0,-53.0,2.0
15496,389,-58.0,-55.0,17.0
15496,390,-51.0,-55.0,-18.0
15496,391,-42.0,-55.0,-12.0
15496,392,-54.0,-55.0,-19.0
15496,393,-60.0,-55.0,-14.0
15496,394,-39.0,-27.0,70.0
15496,395,-37.0,-16.0,-29.0
15496,396,-24.0,-15.0,-35.0
15496,397,-42.0,-15.0,-33.0
15496,398,-50.0,-15.0,-39.0
15496,399,-50.0,-15.0,-37.0
15496,400,-56.0,-16.0,-9.0
15496,401,-44.0,-15.0,5.0
15496,402,-67.0,-16.0,21.0
15496,403,-50.0,-16.0,6.0
15496,404,0.0,-13.0,55.0
15496,405,-38.0,-14.0,58.0
15496,406,-62.0,-31.0,-17.0
15496,407,-54.0,-29.0,-29.0
15496,408,-56.0,-30.0,-28.0
15496,409,-57.0,-28.0,14.0
15496,410,-4.0,-25.0,72.0
15496,411,-10.0,-26.0,83.0
15496,412,-61.0,-40.0,36.0
15496,413,-63.0,-40.0,46.0
15496,414,-39.0,-41.0,-14.0
15496,415,-52.0,-42.0,-18.0
15496,416,-24.0,-2.0,-35.0
15496,417,-17.0,-2.0,-28.0
15496,418,-45.0,-2.0,-39.0
15496,419,-23.0,1.0,56.0
15496,420,-49.0,0.0,55.0
15496,421,-60.0,-2.0,11.0
15496,422,-47.0,-1.0,7.0
15496,423,-65.0,-1.0,26.0
15496,424,-34.0,10.0,3.0
15496,425,-45.0,11.0,0.0
15496,426,-36.0,18.0,2.0
15496,427,-17.0,11.0,20.0
15496,428,0.0,13.0,70.0
15496,429,-52.0,13.0,44.0
15496,430,-30.0,13.0,52.0
15496,431,-65.0,9.0,5.0
15496,432,-53.0,9.0,-31.0
15496,433,-2.0,21.0,63.0
15496,434,-26.0,21.0,58.0
15496,435,-43.0,18.0,0.0
15496,436,-60.0,17.0,-8.0
15496,437,-20.0,37.0,41.0
15496,438,-7.0,37.0,59.0
15496,439,-40.0,39.0,-16.0
15496,440,-37.0,39.0,-14.0
15496,441,-7.0,49.0,36.0
15496,442,-8.0,48.0,-25.0
15496,443,-43.0,48.0,-9.0
15496,444,-21.0,61.0,30.0
15496,445,-9.0,36.0,-24.0
15496,446,-26.0,60.0,16.0
15496,447,-11.0,0.0,-9.0
15496,448,-10.0,0.0,7.0
15496,449,-15.0,0.0,-10.0
15496,450,-7.0,5.0,-15.0
15496,451,-3.0,-39.0,-62.0
15496,452,-6.0,-38.0,-60.0
15496,453,-5.0,-43.0,-57.0
15496,454,-4.0,-35.0,-12.0
15496,455,-5.0,-30.0,-15.0
15496,456,-6.0,-31.0,-14.0
15496,457,-6.0,-40.0,-10.0
15496,458,-25.0,-39.0,10.0
15496,459,-7.0,-39.0,-56.0
15496,460,-4.0,-42.0,-56.0
15496,461,-5.0,-43.0,-56.0
15496,462,-7.0,-34.0,-7.0
15496,463,-11.0,-25.0,-15.0
15496,464,-20.0,-15.0,-9.0
15496,465,-12.0,-14.0,-12.0
15496,466,-17.0,-15.0,-14.0
15496,467,-41.0,-16.0,-8.0
15496,468,-33.0,-16.0,-23.0
15496,469,-19.0,-1.0,-15.0
15697,0,8.0,-41.0,-35.0
15697,1,2.0,-43.0,-34.0
15697,2,-1.0,-41.0,-35.0
15697,3,9.0,-43.0,-35.0
15697,4,11.0,-40.0,-35.0
15697,5,4.0,-29.0,-36.0
15697,6,11.0,-41.0,-35.0
15697,7,8.0,-40.0,-35.0
15697,8,6.0,-41.0,-35.0
15697,9,12.0,-39.0,-31.0
15697,10,9.0,-38.0,-31.0
15697,11,9.0,-36.0,-31.0
15697,12,5.0,-41.0,-31.0
15697,13,6.0,-41.0,-31.0
15697,14,6.0,-25.0,-32.0
15697,15,0.0,-41.0,-31.0
15697,16,2.0,-37.0,-31.0
15697,17,9.0,-42.0,-31.0
15697,18,6.0,-42.0,-31.0
15697,19,-29.0,-16.0,-20.0
15697,20,-29.0,-16.0,-19.0
15697,21,-33.0,-16.0,-16.0
15697,22,3.0,-40.0,-25.0
15697,23,4.0,-41.0,-25.0
15697,24,9.0,-41.0,-25.0
15697,25,1.0,-36.0,-25.0
15697,26,4.0,-23.0,-27.0
15697,27,9.0,-43.0,-25.0
15697,28,5.0,-42.0,-25.0
15697,29,8.0,-43.0,-25.0
15697,30,8.0,-30.0,-26.0
15697,31,6.0,-28.0,-26.0
15697,32,2.0,-27.0,-26.0
15697,33,7.0,-40.0,-25.0
15697,34,6.0,-42.0,-25.0
15697,35,-9.0,5.0,-6.0
15697,36,-7.0,5.0,14.0
15697,37,-8.0,-3.0,-8.0
15697,38,-9.0,-3.0,-3.0
15697,39,-2.0,-3.0,-15.0
15697,40,-27.0,-26.0,-9.0
15697,41,-14.0,-26.0,-4.0
15697,42,-26.0,-26.0,-9.0
15697,43,-18.0,-26.0,9.0
15697,44,-30.0,-26.0,-13.0
15697,45,-17.0,-3.0,-30.0
15697,46,1.0,-43.0,-52.0
15697,47,6.0,-44.0,-52.0
15697,48,2.0,-45.0,-52.0
15697,49,4.0,-47.0,-52.0
15697,50,6.0,-41.0,-53.0
15697,51,0.0,-40.0,-52.0
15697,52,5.0,-38.0,-53.0
15697,53,2.0,-41.0,-53.0
15697,54,3.0,-36.0,-54.0
15697,55,1.0,-44.0,-63.0
15697,56,3.0,-43.0,-60.0
15697,57,0.0,-44.0,-60.0
15697,58,2.0,-45.0,-59.0
15697,59,3.0,-34.0,-51.0
15697,60,7.0,-43.0,-48.0
15697,61,5.0,-41.0,-48.0
15697,62,-1.0,-40.0,-49.0
15697,63,1.0,-40.0,-49.0
15697,64,11.0,-42.0,-48.0
15697,65,-1.0,-35.0,-51.0
15697,66,-1.0,-31.0,-51.0
15697,67,5.0,-40.0,-49.0
15697,68,4.0,-44.0,-47.0
15697,69,0.0,-34.0,-40.0
15697,70,4.0,-24.0,-42.0
15697,71,6.0,-32.0,-40.0
15697,72,-25.0,-16.0,-10.0
15697,73,-15.0,-16.0,-11.0
15697,74,-32.0,-16.0,-22.0
15697,75,-8.0,6.0,-9.0
15697,76,-6.0,6.0,-9.0
15697,77,-17.0,5.0,-12.0
15697,78,-14.0,5.0,-7.0
15697,79,-21.0,5.0,-19.0
15697,80,-20.0,5.0,-24.0
15697,81,-21.0,6.0,-30.0
15697,82,-25.0,5.0,-14.0
15697,83,-6.0,-3.0,-15.0
15697,84,-8.0,-3.0,-13.0
15697,85,-6.0,-3.0,-9.0
15697,86,-4.0,-3.0,-7.0
15697,87,-3.0,-3.0,-15.0
15697,88,-23.0,-3.0,-7.0
15697,89,-13.0,19.0,-18.0
15697,90,-6.0,-26.0,7.0
15697,91,-38.0,-26.0,-12.0
15697,92,-35.0,-26.0,-17.0
15697,93,-24.0,-42.0,0.0
15697,94,-15.0,-42.0,3.0
15697,95,-18.0,-42.0,2.0
15697,96,-20.0,-3.0,-15.0
15697,97,-36.0,-3.0,-13.0
15697,98,-20.0,-3.0,1.0
15697,99,-24.0,-3.0,6.0
15697,100,-30.0,-3.0,10.0
15697,101,-16.0,-3.0,20.0
15697,102,-36.0,-16.0,-1.0
15697,103,-19.0,-16.0,-29.0
15697,104,-37.0,-16.0,-39.0
15697,105,-45.0,-16.0,-31.0
15697,106,-12.0,6.0,-29.0
15697,107,-16.0,7.0,-36.0
15697,108,-12.0,6.0,-31.0
15697,109,-16.0,7.0,-38.0
15697,110,-16.0,7.0,-42.0
15697,111,-16.0,5.0,-2.0
15697,112,-25.0,5.0,5.0
15697,113,-13.0,5.0,17.0
15697,114,-13.0,19.0,-9.0
15697,115,-21.0,19.0,0.0
15697,116,-12.0,19.0,5.0
15697,117,-25.0,-95.0,1.0
15697,118,-39.0,-95.0,-4.0
15697,119,-21.0,-95.0,-11.0
15697,120,-17.0,-95.0,-1.0
15697,121,-20.0,-95.0,-7.0
15697,122,-23.0,-95.0,2.0
15697,123,-29.0,-95.0,15.0
15697,124,-7.0,-86.0,30.0
15697,125,-5.0,-86.0,39.0
15697,126,-36.0,-86.0,22.0
15697,127,-34.0,-86.0,22.0
15697,128,-35.0,-86.0,25.0
15697,129,-17.0,-86.0,0.0
15697,130,-20.0,-86.0,-4.0
15697,131,-12.0,-86.0,1.0
15697,132,-9.0,-86.0,14.0
15697,133,-45.0,-86.0,5.0
15697,134,-35.0,-86.0,-20.0
15697,135,-47.0,-86.0,-4.0
15697,136,-4.0,-42.0,3.0
15697,137,-20.0,-42.0,-12.0
15697,138,-19.0,-42.0,-12.0
15697,139,-3.0,-42.0,3.0
15697,140,-27.0,-42.0,-15.0
15697,141,-27.0,-26.0,-23.0
15697,142,-6.0,-26.0,25.0
15697,143,-5.0,-26.0,28.0
15697,144,-3.0,-26.0,41.0
15697,145,-5.0,-26.0,61.0
15697,146,-12.0,-3.0,29.0
15697,147,-3.0,-3.0,32.0
15697,148,-8.0,-3.0,47.0
15697,149,-2.0,-3.0,57.0
15697,150,-20.0,-3.0,-37.0
15697,151,-10.0,-3.0,-35.0
15697,152,-25.0,-3.0,-37.0
15697,153,-29.0,-3.0,-43.0
15697,154,-34.0,-3.0,-40.0
15697,155,-38.0,-3.0,-36.0
15697,156,-2.0,-77.0,-38.0
15697,157,-2.0,-82.0,-41.0
15697,158,-2.0,-53.0,-29.0
15697,159,-2.0,-62.0,-40.0
15697,160,-2.0,-51.0,-5.0
15697,161,-12.0,-64.0,-10.0
15697,162,-12.0,-66.0,-10.0
15697,163,-12.0,-37.0,-19.0
15697,164,-12.0,-77.0,-12.0
15697,165,-12.0,-97.0,-30.0
15697,166,-12.0,-66.0,-57.0
15697,167,-12.0,-74.0,-56.0
15697,168,-12.0,-74.0,-53.0
15697,169,-28.0,-91.0,-36.0
15697,170,-27.0,-91.0,-36.0
15697,171,-28.0,-53.0,-25.0
15697,172,-37.0,-60.0,-62.0
15697,173,-37.0,-52.0,-28.0
15697,174,-37.0,-80.0,-49.0
15697,175,-56.0,-54.0,-30.0
15697,176,-56.0,-42.0,-29.0
15697,177,-30.0,-26.0,73.0
15697,178,-3.0,19.0,30.0
15697,179,-19.0,44.0,54.0
15697,180,-10.0,55.0,35.0
15697,181,-2.0,-80.0,-23.0
15697,182,-2.0,-86.0,-4.0
15697,183,-2.0,-44.0,-21.0
15697,184,-2.0,-53.0,-30.0
15697,185,-2.0,-65.0,-42.0
15697,186,-2.0,-65.0,2.0
15697,187,-2.0,-46.0,-22.0
15697,188,-12.0,-97.0,-15.0
15697,189,-12.0,-79.0,-12.0
15697,190,-12.0,-67.0,-54.0
15697,191,-28.0,-45.0,-54.0
15697,192,-28.0,-67.0,-60.0
15697,193,-28.0,-76.0,-54.0
15697,194,-28.0,-88.0,-43.0
15697,195,-28.0,-92.0,-34.0
15697,196,-28.0,-88.0,-42.0
15697,197,-28.0,-67.0,-24.0
15697,198,-28.0,-68.0,-24.0
15697,199,-37.0,-54.0,-27.0
15697,200,-37.0,-87.0,-30.0
15697,201,-10.0,-78.0,41.0
15697,202,-33.0,-77.0,22.0
15697,203,-44.0,-75.0,-22.0
15697,204,-14.0,-76.0,8.0
15697,205,-29.0,-64.0,52.0
15697,206,-20.0,-64.0,-13.0
15697,207,-61.0,-64.0,14.0
15697,208,-43.0,-55.0,50.0
15697,209,-5.0,-55.0,24.0
15697,210,-54.0,-54.0,-4.0
15697,211,-46.0,-54.0,-22.0
15697,212,-4.0,-42.0,82.0
15697,213,-3.0,-42.0,28.0
15697,214,-65.0,-42.0,5.0
15697,215,-51.0,-42.0,7.0
15697,216,-60.0,-42.0,-28.0
15697,217,-64.0,-42.0,-7.0
15697,218,-29.0,-26.0,73.0
15697,219,-13.0,-26.0,72.0
15697,220,-57.0,-26.0,54.0
15697,221,-42.0,-26.0,70.0
15697,222,-60.0,-26.0,18.0
15697,223,-51.0,-26.0,-29.0
15697,224,-61.0,-26.0,-21.0
15697,225,-9.0,-16.0,48.0
15697,226,0.0,-16.0,55.0
15697,227,-47.0,-16.0,63.0
15697,228,-69.0,-16.0,-1.0
15697,229,-34.0,-2.0,64.0
15697,230,-60.0,-3.0,28.0
15697,231,-57.0,-3.0,47.0
15697,232,-61.0,-3.0,-4.0
15697,233,-66.0,-3.0,-5.0
15697,234,-6.0,5.0,42.0
15697,235,0.0,5.0,68.0
15697,236,-38.0,5.0,65.0
15697,237,-41.0,5.0,4.0
15697,238,-41.0,5.0,-4.0
15697,239,-59.0,5.0,-4.0
15697,240,-58.0,5.0,-4.0
15697,241,-46.0,8.0,-42.0
15697,242,-17.0,19.0,16.0
15697,243,-2.0,26.0,25.0
15697,244,-15.0,27.0,-26.0
15697,245,-30.0,28.0,1.0
15697,246,-47.0,29.0,4.0
15697,247,-39.0,28.0,-24.0
15697,248,-49.0,28.0,-7.0
15697,249,-2.0,19.0,47.0
15697,250,-43.0,20.0,36.0
15697,251,-45.0,20.0,38.0
15697,252,-42.0,20.0,52.0
15697,253,-58.0,18.0,-12.0
15697,254,-44.0,20.0,-3.0
15697,255,-30.0,18.0,-36.0
15697,256,-6.0,26.0,43.0
15697,257,-6.0,44.0,28.0
15697,258,-28.0,44.0,30.0
15697,259,-33.0,43.0,-9.0
15697,260,-44.0,55.0,-2.0
15697,261,-8.0,55.0,-5.0
15697,262,-4.0,54.0,12.0
15697,263,-16.0,55.0,-22.0
15697,264,-37.0,55.0,-11.0
15697,265,-2.0,-80.0,-28.0
15697,266,-2.0,-95.0,-33.0
15697,267,-2.0,-90.0,-35.0
15697,268,-2.0,-45.0,-10.0
15697,269,-2.0,-53.0,-4.0
15697,270,-2.0,-47.0,-10.0
15697,271,-12.0,-43.0,-13.0
15697,272,-12.0,-37.0,-20.0
15697,273,-12.0,-67.0,-57.0
15697,274,-12.0,-58.0,-61.0
15697,275,-28.0,-43.0,-49.0
15697,276,-28.0,-37.0,-26.0
15697,277,-28.0,-44.0,-48.0
15697,278,-28.0,-38.0,-26.0
15697,279,-28.0,-69.0,-59.0
15697,280,-36.0,-52.0,-28.0
15697,281,-37.0,-63.0,-60.0
15697,282,-37.0,-87.0,-33.0
15697,283,-12.0,-77.0,27.0
15697,284,-12.0,-77.0,29.0
15697,285,-24.0,-78.0,55.0
15697,286,-42.0,-76.0,22.0
15697,287,-47.0,-76.0,12.0
15697,288,-14.0,-76.0,-11.0
15697,289,-12.0,-77.0,13.0
15697,290,-6.0,-64.0,39.0
15697,291,-26.0,-64.0,66.0
15697,292,-59.0,-64.0,34.0
15697,293,-10.0,-55.0,37.0
15697,294,-5.0,-55.0,72.0
15697,295,-35.0,-64.0,-17.0
15697,296,-25.0,-64.0,-1.0
15697,297,-25.0,-64.0,5.0
15697,298,-59.0,-64.0,-11.0
15697,299,-25.0,-55.0,48.0
15697,300,-26.0,-55.0,66.0
15697,301,-52.0,-54.0,9.0
15697,302,-26.0,-55.0,-19.0
15697,303,-3.0,-42.0,54.0
15697,304,-2.0,-42.0,54.0
15697,305,-24.0,-42.0,70.0
15697,306,-51.0,-42.0,50.0
15697,307,-71.0,-42.0,14.0
15697,308,-47.0,-42.0,-29.0
15697,309,-63.0,-42.0,-4.0
15697,310,-68.0,-26.0,24.0
15697,311,-46.0,-26.0,-27.0
15697,312,-24.0,-16.0,77.0
15697,313,-59.0,-16.0,49.0
15697,314,-37.0,-16.0,58.0
15697,315,-34.0,-16.0,62.0
15697,316,-52.0,-16.0,-1.0
15697,317,-43.0,-16.0,10.0
15697,318,-58.0,-16.0,-7.0
15697,319,-59.0,-16.0,-32.0
15697,320,-62.0,-16.0,-7.0
15697,321,-25.0,-2.0,59.0
15697,322,-44.0,-3.0,5.0
15697,323,-62.0,-3.0,-19.0
15697,324,-23.0,5.0,62.0
15697,325,-45.0,5.0,-14.0
15697,326,-45.0,8.0,-40.0
15697,327,-51.0,8.0,-37.0
15697,328,-11.0,26.0,17.0
15697,329,-17.0,26.0,8.0
15697,330,-17.0,26.0,3.0
15697,331,-23.0,20.0,47.0
15697,332,-50.0,18.0,-10.0
15697,333,-57.0,18.0,-12.0
15697,334,-16.0,18.0,-34.0
15697,335,-25.0,18.0,-41.0
15697,336,-16.0,26.0,53.0
15697,337,-50.0,44.0,20.0
15697,338,-5.0,42.0,-13.0
15697,339,-27.0,42.0,-10.0
15697,340,-19.0,42.0,-23.0
15697,341,-34.0,43.0,-11.0
15697,342,-34.0,56.0,20.0
15697,343,-30.0,56.0,30.0
15697,344,-27.0,56.0,38.0
15697,345,-4.0,54.0,3.0
15697,346,-7.0,55.0,-19.0
15697,347,-24.0,55.0,-14.0
15697,348,-40.0,-16.0,-31.0
15697,349,-19.0,5.0,2.0
15697,350,-2.0,-64.0,2.0
15697,351,-70.0,-42.0,-11.0
15697,352,-3.0,-16.0,28.0
15697,353,-2.0,27.0,-26.0
15697,354,-43.0,28.0,-23.0
15697,355,0.0,-39.0,-25.0
15697,356,-11.0,5.0,-6.0
15697,357,-4.0,5.0,1.0
15697,358,-7.0,-3.0,12.0
15697,359,-5.0,-3.0,-11.0
15697,360,-28.0,-16.0,-1.0
15697,361,-21.0,-26.0,7.0
15697,362,-2.0,-90.0,-37.0
15697,363,-2.0,-79.0,-27.0
15697,364,-2.0,-97.0,-32.0
15697,365,-2.0,-82.0,-21.0
15697,366,-2.0,-86.0,-7.0
15697,367,-12.0,-44.0,-12.0
15697,368,-12.0,-96.0,-34.0
15697,369,-12.0,-95.0,-16.0
15697,370,-12.0,-55.0,-62.0
15697,371,-12.0,-70.0,-57.0
15697,372,-28.0,-34.0,-28.0
15697,373,-28.0,-44.0,-55.0
15697,374,-28.0,-33.0,-28.0
15697,375,-28.0,-78.0,-53.0
15697,376,-28.0,-54.0,-25.0
15697,377,-37.0,-60.0,-61.0
15697,378,-37.0,-62.0,-61.0
15697,379,-37.0,-79.0,-51.0
15697,380,-42.0,-76.0,16.0
15697,381,-36.0,-77.0,29.0
15697,382,-54.0,-75.0,14.0
15697,383,-25.0,-64.0,45.0
15697,384,-19.0,-55.0,75.0
15697,385,-16.0,-64.0,16.0
15697,386,-62.0,-64.0,12.0
15697,387,-41.0,-64.0,-22.0
15697,388,-23.0,-55.0,-3.0
15697,389,-7.0,-55.0,4.0
15697,390,-25.0,-55.0,-2.0
15697,391,-62.0,-55.0,38.0
15697,392,-55.0,-54.0,-6.0
15697,393,-49.0,-54.0,-23.0
15697,394,-6.0,-42.0,48.0
15697,395,-47.0,-42.0,60.0
15697,396,-26.0,-26.0,58.0
15697,397,0.0,-26.0,73.0
15697,398,-60.0,-26.0,26.0
15697,399,-34.0,-26.0,-31.0
15697,400,-62.0,-26.0,-35.0
15697,401,-63.0,-26.0,-17.0
15697,402,-56.0,-26.0,-10.0
15697,403,-57.0,-26.0,3.0
15697,404,-7.0,-16.0,44.0
15697,405,-36.0,-16.0,66.0
15697,406,-52.0,-16.0,-36.0
15697,407,-63.0,-16.0,-30.0
15697,408,-28.0,-2.0,63.0
15697,409,-63.0,-3.0,42.0
15697,410,-49.0,-3.0,1.0
15697,411,-47.0,-3.0,-1.0
15697,412,-68.0,-3.0,12.0
15697,413,-50.0,-3.0,-36.0
15697,414,-38.0,5.0,40.0
15697,415,-55.0,5.0,50.0
15697,416,-44.0,5.0,33.0
15697,417,-60.0,5.0,1.0
15697,418,-64.0,5.0,6.0
15697,419,-27.0,7.0,-42.0
15697,420,-26.0,7.0,-42.0
15697,421,-52.0,5.0,-19.0
15697,422,-1.0,26.0,25.0
15697,423,-5.0,27.0,-19.0
15697,424,-27.0,28.0,-39.0
15697,425,-35.0,28.0,-21.0
15697,426,-4.0,20.0,52.0
15697,427,-38.0,20.0,-2.0
15697,428,-15.0,26.0,53.0
15697,429,-1.0,26.0,57.0
15697,430,-53.0,29.0,34.0
15697,431,-25.0,26.0,56.0
15697,432,-5.0,44.0,53.0
15697,433,-4.0,42.0,-6.0
15697,434,-8.0,42.0,-24.0
15697,435,-49.0,44.0,-9.0
15697,436,-54.0,44.0,7.0
15697,437,-20.0,-16.0,-16.0
15697,438,-31.0,-16.0,-3.0
15697,439,-35.0,-16.0,-14.0
15697,440,-30.0,-16.0,-17.0
15697,441,-22.0,-16.0,-23.0
15697,442,-8.0,6.0,-13.0
15697,443,-5.0,6.0,-5.0
15697,444,-20.0,5.0,-14.0
15697,445,-14.0,5.0,-14.0
15697,446,-22.0,5.0,-13.0
15697,447,-7.0,5.0,-1.0
15697,448,-7.0,5.0,9.0
15697,449,-13.0,5.0,-7.0
15697,450,-15.0,5.0,-7.0
15697,451,-18.0,5.0,-27.0
15697,452,-7.0,-3.0,-8.0
15697,453,-6.0,-3.0,3.0
15697,454,-10.0,-3.0,7.0
15697,455,-5.0,-3.0,4.0
15697,456,-6.0,-3.0,12.0
15697,457,-4.0,-3.0,-12.0
15697,458,-6.0,-3.0,-12.0
15697,459,-3.0,-3.0,-10.0
15697,460,-5.0,-3.0,-12.0
15697,461,-36.0,-3.0,3.0
15697,462,-5.0,19.0,-1.0
15697,463,-31.0,19.0,-20.0
15697,464,-2.0,-16.0,-9.0
15697,465,-17.0,-16.0,17.0
15697,466,-10.0,-16.0,4.0
15697,467,-6.0,-16.0,-10.0
15697,468,-18.0,-16.0,-6.0
15697,469,-21.0,-16.0,12.0
15697,470,-15.0,-16.0,16.0
15697,471,-17.0,-16.0,6.0
15697,472,-8.0,-16.0,11.0
15697,473,-13.0,-16.0,20.0
15697,474,-28.0,-16.0,7.0
15697,475,-20.0,-16.0,23.0
15697,476,-8.0,-26.0,5.0
15697,477,-13.0,-26.0,-4.0
15697,478,-9.0,-26.0,14.0
15697,479,-13.0,-26.0,6.0
15697,480,-24.0,-26.0,16.0
15697,481,-37.0,-26.0,-5.0
15697,482,-30.0,-26.0,-12.0
15697,483,-33.0,-26.0,-11.0
15697,484,-21.0,-26.0,-12.0
15697,485,-16.0,-42.0,-8.0
15697,486,-15.0,-42.0,2.0
15697,487,-20.0,-42.0,2.0
15697,488,-12.0,-42.0,3.0
15697,489,-11.0,-42.0,-1.0
15697,490,-24.0,-3.0,-26.0
15697,491,-15.0,-3.0,-18.0
15697,492,-27.0,-3.0,-10.0
15697,493,-25.0,-3.0,-21.0
15697,494,-17.0,-3.0,-14.0
15697,495,-23.0,-3.0,-12.0
15697,496,-21.0,-3.0,-18.0
15697,497,-2.0,-65.0,-30.0
15697,498,-2.0,-62.0,-27.0
15697,499,-2.0,-64.0,-18.0
15697,500,-12.0,-64.0,-30.0
